FECHA,TOTAL,ANIO,MES,DIA,DIA2,Tmin,Tmax,Wind,Lluvia
01/01/2017,54,2017,1,1,7,12.7,22.2,3.6,0
02/01/2017,88,2017,1,2,1,19.1,25.3,7.6,0
03/01/2017,68,2017,1,3,2,11.1,26.7,7.2,0
04/01/2017,64,2017,1,4,3,10.1,26.1,7.2,0
05/01/2017,71,2017,1,5,4,10.1,24.1,3.6,0
06/01/2017,75,2017,1,6,5,10.1,23.7,7.2,0
07/01/2017,69,2017,1,7,6,17.1,17.1,0,0
08/01/2017,71,2017,1,8,7,11.2,17.4,3.6,0
09/01/2017,73,2017,1,9,1,10.1,23.7,16.6,0
10/01/2017,85,2017,1,10,2,7.1,23.9,7.2,0
11/01/2017,86,2017,1,11,3,6.9,25.7,7.2,0
12/01/2017,67,2017,1,12,4,8.6,25.7,7.2,0
13/01/2017,79,2017,1,13,5,11,25.7,9.4,0
14/01/2017,77,2017,1,14,6,10.1,23.1,7.2,0
15/01/2017,91,2017,1,15,7,21.9,24.1,7.2,0
16/01/2017,81,2017,1,16,1,9.1,24.9,7.2,0
17/01/2017,79,2017,1,17,2,8,24.7,7.6,0
18/01/2017,75,2017,1,18,3,11.6,20.1,3.6,0
19/01/2017,81,2017,1,19,4,13.9,23.4,10.8,0
20/01/2017,79,2017,1,20,5,19.1,23.1,14.8,0
21/01/2017,75,2017,1,21,6,8.9,24.2,10.8,0
22/01/2017,80,2017,1,22,7,7.1,21.1,3.6,0
23/01/2017,85,2017,1,23,1,7.1,27.4,7.2,0
24/01/2017,70,2017,1,24,2,23.7,26.2,10.8,0
25/01/2017,80,2017,1,25,3,6.1,24.9,10.8,0
26/01/2017,77,2017,1,26,4,19.9,25.7,7.2,0
27/01/2017,85,2017,1,27,5,22.4,27.2,7.2,0
28/01/2017,66,2017,1,28,6,9.4,25.9,7.2,0
29/01/2017,89,2017,1,29,7,10.9,22.1,7.2,0
30/01/2017,77,2017,1,30,1,9.6,23.9,3.6,0
31/01/2017,72,2017,1,31,2,21.7,21.7,7.2,0
01/02/2017,84,2017,2,1,3,11.1,23.4,7.2,0
02/02/2017,69,2017,2,2,4,11,11,3.4,0
03/02/2017,81,2017,2,3,5,11.1,25.9,11.2,0
04/02/2017,65,2017,2,4,6,11.1,21.1,7.2,0
05/02/2017,59,2017,2,5,7,13.7,27.1,11.2,0
06/02/2017,66,2017,2,6,1,11.1,26.3,7.9,0
07/02/2017,71,2017,2,7,2,11.1,27.1,22.3,0
08/02/2017,74,2017,2,8,3,10.4,28.9,3.6,0
09/02/2017,77,2017,2,9,4,12.6,29.9,7.2,0
10/02/2017,80,2017,2,10,5,27.4,27.4,7.2,0
11/02/2017,73,2017,2,11,6,8,29,13,0
12/02/2017,74,2017,2,12,7,14.3,28.6,7.6,0
13/02/2017,73,2017,2,13,1,12.1,28.4,14.8,0
14/02/2017,83,2017,2,14,2,12.1,25.1,18.4,0
15/02/2017,65,2017,2,15,3,9.9,24.2,14.8,0
16/02/2017,67,2017,2,16,4,10.4,23.7,18,0
17/02/2017,71,2017,2,17,5,12.6,23.2,10.8,0
18/02/2017,77,2017,2,18,6,6,24,32,0
19/02/2017,85,2017,2,19,7,13.4,22.4,22.3,0
20/02/2017,68,2017,2,20,1,11.6,23.9,7.2,0
21/02/2017,80,2017,2,21,2,14.4,26.9,16.6,0
22/02/2017,65,2017,2,22,3,12.6,12.6,3.6,0
23/02/2017,83,2017,2,23,4,14.6,27.4,7.2,0
24/02/2017,78,2017,2,24,5,12.6,28.1,7.2,0
25/02/2017,58,2017,2,25,6,12.1,28.1,7.6,0
26/02/2017,69,2017,2,26,7,10.1,24.6,3.6,0
27/02/2017,83,2017,2,27,1,13.4,29.4,14.8,0
28/02/2017,94,2017,2,28,2,11.1,29.2,11.2,0
01/03/2017,81,2017,3,1,3,14.6,28.1,9.4,0
02/03/2017,94,2017,3,2,4,15.6,28.9,7.2,0
03/03/2017,73,2017,3,3,5,17.1,23.6,9.4,0
04/03/2017,65,2017,3,4,6,15.6,23.1,7.2,0
05/03/2017,79,2017,3,5,7,17.6,26.9,13,0
06/03/2017,64,2017,3,6,1,17.1,25.1,3.6,0
07/03/2017,63,2017,3,7,2,14.6,28.4,7.2,0
08/03/2017,51,2017,3,8,3,17.6,25.1,20.5,0
09/03/2017,74,2017,3,9,4,16.6,27.9,7.2,0
10/03/2017,78,2017,3,10,5,17.1,28.4,9.4,0
11/03/2017,78,2017,3,11,6,15.6,22.1,14.8,0
12/03/2017,58,2017,3,12,7,22.4,24.6,3.6,0
13/03/2017,53,2017,3,13,1,12.6,25.2,7.2,0
14/03/2017,74,2017,3,14,2,14.1,27.4,7.2,0
15/03/2017,63,2017,3,15,3,14.9,25.1,7.2,0
16/03/2017,73,2017,3,16,4,11.1,24.1,7.2,0
17/03/2017,68,2017,3,17,5,16.1,25.5,7.2,0
18/03/2017,77,2017,3,18,6,12.1,30,7.6,0
19/03/2017,79,2017,3,19,7,18.1,28.1,3.6,0
20/03/2017,69,2017,3,20,1,11,30,3.6,0
21/03/2017,78,2017,3,21,2,32.2,32.2,3.6,0
22/03/2017,69,2017,3,22,3,18.6,30.3,7.6,0
23/03/2017,80,2017,3,23,4,19.1,30.9,7.2,0
24/03/2017,80,2017,3,24,5,16.1,30.3,10.8,0
25/03/2017,64,2017,3,25,6,18.1,31.1,7.2,0
26/03/2017,86,2017,3,26,7,18.6,30.9,10.8,0
27/03/2017,73,2017,3,27,1,16.1,30.2,7.6,0
28/03/2017,78,2017,3,28,2,17.1,30.9,7.2,0
29/03/2017,85,2017,3,29,3,16.1,28.9,11.9,0
30/03/2017,56,2017,3,30,4,14.6,29.9,7.6,0
31/03/2017,71,2017,3,31,5,16.1,26.5,7.9,0
01/04/2017,83,2017,4,1,6,10.1,30.9,8.9,0
02/04/2017,68,2017,4,2,7,17.6,29.7,10.9,0
03/04/2017,84,2017,4,3,1,14.6,20.1,3.6,0
04/04/2017,70,2017,4,4,2,27.2,31.2,24.1,0
05/04/2017,80,2017,4,5,3,17.6,31.6,7.2,0
06/04/2017,94,2017,4,6,4,20.1,27.9,3.6,0
07/04/2017,68,2017,4,7,5,15.1,31.6,10.8,0
08/04/2017,83,2017,4,8,6,16,32,10.8,0
09/04/2017,68,2017,4,9,7,21.7,31.9,10.8,0
10/04/2017,64,2017,4,10,1,14.1,21.1,5.4,0
11/04/2017,69,2017,4,11,2,20.5,32.1,37.1,0
12/04/2017,67,2017,4,12,3,20.1,20.1,3.6,0
13/04/2017,59,2017,4,13,4,19.1,26.1,5.4,0
14/04/2017,57,2017,4,14,5,19.1,24.1,3.4,0
15/04/2017,73,2017,4,15,6,19.6,31.6,11.2,0
16/04/2017,63,2017,4,16,7,28.6,28.6,7.2,0
17/04/2017,72,2017,4,17,1,24.1,24.1,11.2,0
18/04/2017,56,2017,4,18,2,18.1,29.1,22.3,0
19/04/2017,71,2017,4,19,3,18.1,31.1,7.2,0
20/04/2017,65,2017,4,20,4,19.6,19.6,3.6,0
21/04/2017,62,2017,4,21,5,16.1,32.7,14.8,0
22/04/2017,59,2017,4,22,6,12,33,12,0
23/04/2017,69,2017,4,23,7,24.1,29.1,11.2,0
24/04/2017,53,2017,4,24,1,21.1,29.7,7.6,0
25/04/2017,72,2017,4,25,2,19.1,29.3,11.3,0
26/04/2017,61,2017,4,26,3,17.1,30,7.2,0
27/04/2017,66,2017,4,27,4,13.1,27.9,3.6,0
28/04/2017,71,2017,4,28,5,18.6,29.4,10.8,0
29/04/2017,53,2017,4,29,6,8,32.1,7.2,0
30/04/2017,59,2017,4,30,7,19.4,32.4,18.4,0
01/05/2017,67,2017,5,1,1,19.1,32.1,33.5,0
02/05/2017,76,2017,5,2,2,30.7,32.9,7.2,0
03/05/2017,54,2017,5,3,3,15.1,32.7,13,0
04/05/2017,82,2017,5,4,4,19.1,32.7,13,0
05/05/2017,67,2017,5,5,5,21.4,32.3,7.2,0
06/05/2017,61,2017,5,6,6,22.1,32.9,7.6,0
07/05/2017,72,2017,5,7,7,18.1,31.9,10.8,0
08/05/2017,68,2017,5,8,1,20.5,30.2,10.8,0
09/05/2017,77,2017,5,9,2,20.5,32.4,18.4,0
10/05/2017,51,2017,5,10,3,21.6,32.1,7.2,0
11/05/2017,51,2017,5,11,4,22.1,34.3,11.3,0
12/05/2017,75,2017,5,12,5,22.4,33.2,10.8,0
13/05/2017,72,2017,5,13,6,23,32,9,0
14/05/2017,61,2017,5,14,7,26.1,32.3,8.6,0
15/05/2017,75,2017,5,15,1,21.1,34.1,8.3,0
16/05/2017,71,2017,5,16,2,21.1,34.7,7.6,0
17/05/2017,50,2017,5,17,3,23.6,34.6,10.8,0
18/05/2017,64,2017,5,18,4,19.1,35.4,10.8,0
19/05/2017,66,2017,5,19,5,24.2,34.1,10.8,0
20/05/2017,66,2017,5,20,6,14.1,34.6,7.2,0
21/05/2017,70,2017,5,21,7,22.6,36.4,7.2,0
22/05/2017,71,2017,5,22,1,22.1,34.9,7.2,0
23/05/2017,70,2017,5,23,2,22.1,33.1,24.1,0
24/05/2017,75,2017,5,24,3,18.1,33.1,7.2,0
25/05/2017,81,2017,5,25,4,22.4,33.4,7.2,0
26/05/2017,65,2017,5,26,5,22.6,35.4,7.2,0
27/05/2017,65,2017,5,27,6,22.1,33.6,7.2,0
28/05/2017,64,2017,5,28,7,21.1,33.1,18.4,0
29/05/2017,69,2017,5,29,1,23.1,32.7,7.2,0
30/05/2017,60,2017,5,30,2,22.6,32.2,7.2,0
31/05/2017,75,2017,5,31,3,22.7,32.2,5.4,0
01/06/2017,69,2017,6,1,4,20.8,32.7,7.2,0
02/06/2017,63,2017,6,2,5,23.1,33.9,7.2,0
03/06/2017,63,2017,6,3,6,20.1,33.6,13,0
04/06/2017,71,2017,6,4,7,19.1,34.1,5.4,0
05/06/2017,72,2017,6,5,1,22.1,32.9,7.6,0
06/06/2017,73,2017,6,6,2,23.1,34.3,7.2,0
07/06/2017,74,2017,6,7,3,22.6,31.9,7.2,0
08/06/2017,62,2017,6,8,4,22.6,31.2,7.2,0
09/06/2017,76,2017,6,9,5,20.1,32.4,7.6,0
10/06/2017,62,2017,6,10,6,21,30,7.2,0
11/06/2017,73,2017,6,11,7,20.7,30.2,7.2,0
12/06/2017,76,2017,6,12,1,20.5,31.9,7.2,0
13/06/2017,76,2017,6,13,2,23.1,32.9,3.6,0
14/06/2017,53,2017,6,14,3,24.1,31.3,7.4,0
15/06/2017,79,2017,6,15,4,24,31.1,9.4,0
16/06/2017,68,2017,6,16,5,23.6,32.7,7.2,0
17/06/2017,63,2017,6,17,6,18.1,33,7.4,0
18/06/2017,61,2017,6,18,7,23.7,32.4,20.5,0
19/06/2017,68,2017,6,19,1,23.6,32.9,14.8,0
20/06/2017,63,2017,6,20,2,24.6,30.9,16.6,0
21/06/2017,59,2017,6,21,3,17.1,32.5,9.4,0
22/06/2017,61,2017,6,22,4,19.1,32.9,7.6,0
23/06/2017,67,2017,6,23,5,23.6,28.7,7.2,0
24/06/2017,57,2017,6,24,6,23.6,33.1,7.2,0
25/06/2017,62,2017,6,25,7,25.4,30.2,7.2,0
26/06/2017,64,2017,6,26,1,20.5,26.1,9.4,0
27/06/2017,63,2017,6,27,2,21.6,30.7,11.2,0
28/06/2017,85,2017,6,28,3,21.1,23.9,7.2,3
29/06/2017,55,2017,6,29,4,21.1,27.1,14.8,0
30/06/2017,86,2017,6,30,5,19.9,19.9,3.6,0
01/07/2017,59,2017,7,1,6,17.1,23.4,18.4,0
02/07/2017,62,2017,7,2,7,17.1,27.2,4.1,0
03/07/2017,69,2017,7,3,1,18.1,26.9,3.6,0
04/07/2017,60,2017,7,4,2,20.1,26.4,22.3,0
05/07/2017,55,2017,7,5,3,19.6,28.6,7.2,0
06/07/2017,75,2017,7,6,4,19.1,28.9,7.2,0
07/07/2017,77,2017,7,7,5,19.4,28.4,7.2,0
08/07/2017,79,2017,7,8,6,19.6,27.6,7.2,0
09/07/2017,68,2017,7,9,7,21.7,25.7,3.6,0
10/07/2017,71,2017,7,10,1,18.4,24.2,3.6,0
11/07/2017,70,2017,7,11,2,19.6,20.8,3.6,0
12/07/2017,62,2017,7,12,3,20.7,26.9,7.2,0
13/07/2017,56,2017,7,13,4,20.1,24.4,7.2,0
14/07/2017,66,2017,7,14,5,20.1,20.1,3.6,0
15/07/2017,53,2017,7,15,6,21.1,29.1,7.2,0
16/07/2017,70,2017,7,16,7,21.2,27.1,3.6,0
17/07/2017,75,2017,7,17,1,19.1,27.1,3.6,0
18/07/2017,72,2017,7,18,2,19.6,27.9,7.2,0
19/07/2017,53,2017,7,19,3,18.6,27.2,7.2,0
20/07/2017,77,2017,7,20,4,19.6,26.2,3.6,0
21/07/2017,81,2017,7,21,5,20.1,27.9,3.8,0
22/07/2017,50,2017,7,22,6,20.5,29.6,7.2,0
23/07/2017,69,2017,7,23,7,19.6,27.9,11.2,0
24/07/2017,72,2017,7,24,1,20.1,20.1,3.6,0
25/07/2017,55,2017,7,25,2,19.4,19.4,7.2,0
26/07/2017,75,2017,7,26,3,18.6,25.1,7.2,0
27/07/2017,58,2017,7,27,4,19.1,26.1,9.4,0
28/07/2017,87,2017,7,28,5,19.6,19.6,3.6,0
29/07/2017,64,2017,7,29,6,20.1,27.6,7.6,0
30/07/2017,78,2017,7,30,7,17.1,29.7,7.3,0
31/07/2017,71,2017,7,31,1,21.6,30.9,7.6,0
01/08/2017,65,2017,8,1,2,22.7,29.9,7.2,0
02/08/2017,80,2017,8,2,3,21.4,30,7.6,0
03/08/2017,71,2017,8,3,4,18.4,28.6,11.2,4
04/08/2017,57,2017,8,4,5,19.7,28.4,7.6,6
05/08/2017,82,2017,8,5,6,19.6,29.6,7.2,0
06/08/2017,81,2017,8,6,7,21,28.7,7.6,0
07/08/2017,72,2017,8,7,1,20.5,28.2,7.2,0
08/08/2017,57,2017,8,8,2,26.1,26.4,13,0
09/08/2017,79,2017,8,9,3,21.1,29.6,7.2,0
10/08/2017,48,2017,8,10,4,21.7,27.4,22.3,0
11/08/2017,62,2017,8,11,5,20.4,28.4,10.8,0
12/08/2017,50,2017,8,12,6,20.5,29.1,7.2,0
13/08/2017,55,2017,8,13,7,20.5,27.4,3.6,3
14/08/2017,75,2017,8,14,1,18.2,25.9,7.2,8
15/08/2017,74,2017,8,15,2,18.1,27.7,7.2,0
16/08/2017,69,2017,8,16,3,16.1,29.4,7.2,0
17/08/2017,71,2017,8,17,4,20.7,28.2,27.7,0
18/08/2017,57,2017,8,18,5,20.1,28.6,7.2,0
19/08/2017,60,2017,8,19,6,18.1,27.1,9.4,0.1
20/08/2017,69,2017,8,20,7,19.9,27.1,9.4,2
21/08/2017,68,2017,8,21,1,21.2,28.9,7.2,0
22/08/2017,65,2017,8,22,2,21.1,27.4,3.8,0
23/08/2017,54,2017,8,23,3,19.1,25.4,7.2,0
24/08/2017,77,2017,8,24,4,16.1,21.7,9.4,0.9
25/08/2017,82,2017,8,25,5,17.1,27.9,3.8,12
26/08/2017,83,2017,8,26,6,19.6,27.1,3.6,0
27/08/2017,86,2017,8,27,7,18,28,3,0
28/08/2017,82,2017,8,28,1,18.6,26.9,3.6,0
29/08/2017,85,2017,8,29,2,18.1,24.1,22.3,0
30/08/2017,58,2017,8,30,3,18.6,20.5,7.2,1.7
31/08/2017,62,2017,8,31,4,17.9,21.7,9.4,4
01/09/2017,79,2017,9,1,5,19.1,25.1,7.2,0
02/09/2017,84,2017,9,2,6,18.1,26.6,9.4,0.1
03/09/2017,67,2017,9,3,7,20.2,25.9,9.4,0
04/09/2017,86,2017,9,4,1,19.1,19.1,3.4,0
05/09/2017,85,2017,9,5,2,18.6,21.1,3.6,0
06/09/2017,70,2017,9,6,3,19.1,24.2,7.2,3
07/09/2017,76,2017,9,7,4,17.6,25.2,7.2,0
08/09/2017,73,2017,9,8,5,20.1,26.2,7.2,0
09/09/2017,72,2017,9,9,6,19.1,26.2,11.2,0
10/09/2017,92,2017,9,10,7,17.6,27.1,13,0
11/09/2017,76,2017,9,11,1,19.6,27.2,7.2,0
12/09/2017,71,2017,9,12,2,18.6,27.9,3.6,0
13/09/2017,72,2017,9,13,3,19.1,28.2,7.6,0
14/09/2017,59,2017,9,14,4,21.4,29.1,3.6,0
15/09/2017,73,2017,9,15,5,20.5,25.9,7.2,0
16/09/2017,69,2017,9,16,6,21.7,29.1,7.2,0
17/09/2017,88,2017,9,17,7,24.9,28.4,11.2,0
18/09/2017,60,2017,9,18,1,15.1,28.1,3.6,0
19/09/2017,77,2017,9,19,2,27.1,27.1,5.4,0
20/09/2017,68,2017,9,20,3,28.7,28.7,3.6,0
21/09/2017,74,2017,9,21,4,19.2,25.1,5.4,0
22/09/2017,89,2017,9,22,5,19.7,27.2,7.2,0.8
23/09/2017,76,2017,9,23,6,19.4,24.2,7.2,0
24/09/2017,53,2017,9,24,7,20.1,24.4,13,0
25/09/2017,76,2017,9,25,1,20.5,23.4,3.6,0.2
26/09/2017,72,2017,9,26,2,24.9,26.4,3.6,0
27/09/2017,71,2017,9,27,3,19.9,27.7,3.6,0
28/09/2017,70,2017,9,28,4,18.7,25.1,7.2,4
29/09/2017,71,2017,9,29,5,19.1,25.1,16.6,0
30/09/2017,66,2017,9,30,6,19.6,25.1,7.2,0
01/10/2017,77,2017,10,1,7,19.4,25.7,7.2,0
02/10/2017,81,2017,10,2,1,18.6,26.9,7.6,0
03/10/2017,65,2017,10,3,2,25.1,26.1,14.8,0
04/10/2017,74,2017,10,4,3,25.1,26.1,9.4,0
05/10/2017,72,2017,10,5,4,20.7,25.4,13,0
06/10/2017,67,2017,10,6,5,19.9,29.2,7.2,0
07/10/2017,67,2017,10,7,6,17.6,24.1,7.2,0
08/10/2017,76,2017,10,8,7,18.6,23.4,3.6,0
09/10/2017,70,2017,10,9,1,19.1,24.6,3.6,0
10/10/2017,78,2017,10,10,2,19.1,27.9,13,0
11/10/2017,57,2017,10,11,3,18.7,25.9,7.2,0
12/10/2017,67,2017,10,12,4,18.6,25.6,7.6,0
13/10/2017,74,2017,10,13,5,19.4,24.2,11.2,0
14/10/2017,52,2017,10,14,6,18.6,26.4,7.2,0
15/10/2017,69,2017,10,15,7,20.4,27.1,7.6,0
16/10/2017,78,2017,10,16,1,18.7,26.9,7.2,0
17/10/2017,66,2017,10,17,2,17.6,25.2,7.2,0
18/10/2017,74,2017,10,18,3,25.1,27.9,7.2,0
19/10/2017,71,2017,10,19,4,18.7,26.1,7.2,0
20/10/2017,86,2017,10,20,5,20.8,27.9,14.8,0
21/10/2017,67,2017,10,21,6,19.1,28.7,7.2,0
22/10/2017,86,2017,10,22,7,18.2,29.4,7.6,0
23/10/2017,82,2017,10,23,1,18.7,27.1,10.8,0
24/10/2017,74,2017,10,24,2,22.1,22.1,7.6,0
25/10/2017,63,2017,10,25,3,12.1,24.9,10.8,0
26/10/2017,63,2017,10,26,4,14.7,24.4,7.6,0
27/10/2017,66,2017,10,27,5,9.1,27.4,7.6,0
28/10/2017,70,2017,10,28,6,16.6,27.6,9.4,0
29/10/2017,82,2017,10,29,7,18.6,26.7,7.2,0
30/10/2017,71,2017,10,30,1,17.6,24.6,9.4,0
31/10/2017,77,2017,10,31,2,23.2,23.2,3.6,0
01/11/2017,69,2017,11,1,3,17.1,25.9,3.6,0
02/11/2017,78,2017,11,2,4,19.4,28.1,3.6,0
03/11/2017,82,2017,11,3,5,19.1,30.1,7.6,0
04/11/2017,65,2017,11,4,6,23.2,31.1,3.6,0
05/11/2017,60,2017,11,5,7,15.1,30.3,7.6,0
06/11/2017,76,2017,11,6,1,15.1,29.9,3.6,0
07/11/2017,66,2017,11,7,2,14.4,28.9,7.2,0
08/11/2017,75,2017,11,8,3,12.6,29.7,3.6,0
09/11/2017,77,2017,11,9,4,16.9,28.2,5.4,0
10/11/2017,101,2017,11,10,5,19.1,27.7,7.2,0
11/11/2017,71,2017,11,11,6,18.1,28.1,7.2,0
12/11/2017,93,2017,11,12,7,17.4,28.1,7.2,0
13/11/2017,95,2017,11,13,1,17.1,27.4,16.6,0
14/11/2017,81,2017,11,14,2,16,26.4,7.2,0
15/11/2017,63,2017,11,15,3,15.6,26.7,3.6,0
16/11/2017,72,2017,11,16,4,16.1,16.1,7.2,0
17/11/2017,82,2017,11,17,5,14.1,27.2,3.6,0
18/11/2017,80,2017,11,18,6,13.6,29.5,7.2,0
19/11/2017,91,2017,11,19,7,17.2,26.7,7.2,0
20/11/2017,73,2017,11,20,1,14.4,26.7,5.4,0
21/11/2017,67,2017,11,21,2,9.1,26.4,18.4,0
22/11/2017,90,2017,11,22,3,12.4,26.4,7.6,0
23/11/2017,71,2017,11,23,4,12.1,22.9,7.6,0
24/11/2017,96,2017,11,24,5,9.2,23.9,3.6,0
25/11/2017,78,2017,11,25,6,10.6,26.1,7.2,0
26/11/2017,82,2017,11,26,7,12.2,26.7,18.4,0
27/11/2017,76,2017,11,27,1,8.4,24.9,3.6,0
28/11/2017,81,2017,11,28,2,11.7,25.4,9.4,0
29/11/2017,61,2017,11,29,3,10.6,26.9,3.6,0
30/11/2017,75,2017,11,30,4,12.6,24.2,7.2,0
01/12/2017,90,2017,12,1,5,10.6,22.9,14.8,0
02/12/2017,65,2017,12,2,6,8.8,25.1,7.2,0
03/12/2017,77,2017,12,3,7,20.8,24.9,3.6,0
04/12/2017,70,2017,12,4,1,6.1,25.7,9.4,0
05/12/2017,68,2017,12,5,2,13.1,26.4,7.2,0
06/12/2017,70,2017,12,6,3,11.1,27.1,7.6,0
07/12/2017,50,2017,12,7,4,8,25.7,10.8,0
08/12/2017,66,2017,12,8,5,15.6,22.1,7.2,0
09/12/2017,66,2017,12,9,6,5.6,19.1,14.8,0
10/12/2017,92,2017,12,10,7,8.7,19.1,9.4,0
11/12/2017,82,2017,12,11,1,6.6,16.4,3.6,0
12/12/2017,67,2017,12,12,2,9.1,25.3,7.3,0
13/12/2017,85,2017,12,13,3,11.1,17.1,5.4,0
14/12/2017,79,2017,12,14,4,10.6,23.4,7.2,0
15/12/2017,77,2017,12,15,5,13.6,22.2,9.4,0
16/12/2017,72,2017,12,16,6,12.6,16.1,18.4,19
17/12/2017,77,2017,12,17,7,16.6,22.4,7.2,0
18/12/2017,76,2017,12,18,1,14.2,23.4,7.2,0
19/12/2017,77,2017,12,19,2,14.6,25.1,7.6,0
20/12/2017,78,2017,12,20,3,24.1,25.4,11.2,0
21/12/2017,81,2017,12,21,4,12.1,24.9,7.6,0
22/12/2017,108,2017,12,22,5,12.6,21.7,9.4,0
23/12/2017,73,2017,12,23,6,7.1,25.1,7.6,0
24/12/2017,68,2017,12,24,7,21.5,21.5,7.1,0
25/12/2017,40,2017,12,25,1,19.1,24.1,5.4,0
26/12/2017,60,2017,12,26,2,10.6,25.2,7.2,0
27/12/2017,63,2017,12,27,3,25.9,25.9,3.6,0
28/12/2017,77,2017,12,28,4,11.1,23.4,7.2,0
29/12/2017,66,2017,12,29,5,10.6,23.4,3.6,0
30/12/2017,57,2017,12,30,6,10.6,25.4,3.6,0
31/12/2017,66,2017,12,31,7,11.9,24.1,14.8,0
01/01/2018,64,2018,1,1,1,11.9,11.9,,0
02/01/2018,64,2018,1,2,2,11.6,24,7.2,0
03/01/2018,70,2018,1,3,3,23.7,23.7,3.6,0
04/01/2018,67,2018,1,4,4,10.6,23.4,9.4,0
05/01/2018,57,2018,1,5,5,10.6,26.1,11.2,0
06/01/2018,74,2018,1,6,6,6.1,25.1,7.2,0
07/01/2018,63,2018,1,7,7,10.1,20.8,3.6,0
08/01/2018,74,2018,1,8,1,10.4,25.4,7.2,0
09/01/2018,64,2018,1,9,2,9.1,24.9,7.2,0
10/01/2018,66,2018,1,10,3,9.9,24.6,7.2,0
11/01/2018,83,2018,1,11,4,10.1,25.1,11.2,0
12/01/2018,63,2018,1,12,5,11.1,25.1,9.4,0
13/01/2018,57,2018,1,13,6,6.6,26.6,7.2,0
14/01/2018,83,2018,1,14,7,7.9,21.4,7.6,0
15/01/2018,70,2018,1,15,1,5.4,5.4,,0
16/01/2018,74,2018,1,16,2,7.1,23.9,7.2,0
17/01/2018,75,2018,1,17,3,6.4,21.2,3.6,0
18/01/2018,82,2018,1,18,4,8.6,23.7,7.2,0
19/01/2018,73,2018,1,19,5,10.1,22.9,7.2,0
20/01/2018,60,2018,1,20,6,9.6,24.6,7.2,0
21/01/2018,61,2018,1,21,7,8.1,24.9,10.8,0
22/01/2018,67,2018,1,22,1,8.7,23.7,3.6,0
23/01/2018,77,2018,1,23,2,11.9,25.2,7.2,0
24/01/2018,90,2018,1,24,3,12.6,25.6,7.2,0
25/01/2018,63,2018,1,25,4,12.1,18.4,7.6,0.2
26/01/2018,78,2018,1,26,5,12.1,23.7,7.2,0
27/01/2018,76,2018,1,27,6,10.4,26.1,7.2,0
28/01/2018,62,2018,1,28,7,20.1,24.6,7.2,0
29/01/2018,75,2018,1,29,1,10.7,18.9,24.1,0
30/01/2018,72,2018,1,30,2,14.6,17.1,7.6,0
31/01/2018,79,2018,1,31,3,13.6,16.9,7.2,0
01/02/2018,85,2018,2,1,4,8.6,20.4,3.6,0
02/02/2018,90,2018,2,2,5,12.6,27.2,7.2,0
03/02/2018,86,2018,2,3,6,13.6,24.1,3.6,0
04/02/2018,71,2018,2,4,7,27.1,27.9,3.6,0
05/02/2018,65,2018,2,5,1,26.9,26.9,3.6,0
06/02/2018,76,2018,2,6,2,14.6,26.2,10.8,0
07/02/2018,83,2018,2,7,3,10.1,24.6,13,0
08/02/2018,77,2018,2,8,4,15.6,23.9,7.4,0
09/02/2018,77,2018,2,9,5,13.6,16.9,3.6,1
10/02/2018,81,2018,2,10,6,10.9,21.1,11.2,0
11/02/2018,75,2018,2,11,7,20.1,22.6,3.7,0
12/02/2018,87,2018,2,12,1,13.7,26.1,14.8,0
13/02/2018,63,2018,2,13,2,10.1,26.9,7.2,0
14/02/2018,80,2018,2,14,3,21.8,25.6,7.2,0
15/02/2018,63,2018,2,15,4,16.6,27.1,3.6,0
16/02/2018,72,2018,2,16,5,16.1,27.4,3.6,0
17/02/2018,73,2018,2,17,6,16.1,28.1,9.4,0
18/02/2018,86,2018,2,18,7,19.1,26.1,7.2,0
19/02/2018,71,2018,2,19,1,12.1,25.9,7.2,0
20/02/2018,75,2018,2,20,2,22.6,24.9,7.2,0
21/02/2018,69,2018,2,21,3,22.1,25.1,13,0
22/02/2018,62,2018,2,22,4,14.6,27.1,7.2,0
23/02/2018,74,2018,2,23,5,15.6,27.7,7.2,0
24/02/2018,58,2018,2,24,6,16,28.1,10.8,0
25/02/2018,66,2018,2,25,7,22.1,22.1,5.4,0
26/02/2018,81,2018,2,26,1,15.9,27.9,7.2,0
27/02/2018,72,2018,2,27,2,15.1,28.1,7.6,0
28/02/2018,85,2018,2,28,3,27.1,28.4,18.4,0
01/03/2018,72,2018,3,1,4,15.2,29.1,18.4,0
02/03/2018,68,2018,3,2,5,16.6,29.1,14.8,0
03/03/2018,62,2018,3,3,6,17.1,29.6,7.2,0
04/03/2018,92,2018,3,4,7,17.2,29.4,7.2,0
05/03/2018,76,2018,3,5,1,15.1,29.1,7.6,0
06/03/2018,72,2018,3,6,2,10.1,29.2,10.8,0
07/03/2018,78,2018,3,7,3,15.6,30,3.6,0
08/03/2018,74,2018,3,8,4,16.1,29.9,10.8,0
09/03/2018,85,2018,3,9,5,15.1,29.7,10.8,0
10/03/2018,76,2018,3,10,6,27.1,30.6,7.2,0
11/03/2018,81,2018,3,11,7,16.4,32.1,7.2,0
12/03/2018,72,2018,3,12,1,17.1,32.9,7.2,0
13/03/2018,73,2018,3,13,2,13.1,31.9,10.8,0
14/03/2018,59,2018,3,14,3,16.6,30.3,7.2,0
15/03/2018,67,2018,3,15,4,16.1,28.4,10.8,0
16/03/2018,69,2018,3,16,5,17.1,29.2,10.8,0
17/03/2018,75,2018,3,17,6,16.1,29.6,7.2,0
18/03/2018,76,2018,3,18,7,26.4,26.4,7.2,0
19/03/2018,63,2018,3,19,1,15.1,30.3,14.4,0
20/03/2018,67,2018,3,20,2,13,31,14,0
21/03/2018,75,2018,3,21,3,16.6,32.1,9.4,0
22/03/2018,70,2018,3,22,4,18.6,31.9,7.6,0
23/03/2018,83,2018,3,23,5,18.6,33.2,7.2,0
24/03/2018,70,2018,3,24,6,18.1,33.6,9.4,0
25/03/2018,71,2018,3,25,7,18.6,32.1,7.2,0
26/03/2018,75,2018,3,26,1,17.4,32.1,10.8,0
27/03/2018,77,2018,3,27,2,18.6,31,7.3,0
28/03/2018,59,2018,3,28,3,17.1,30,7.2,0
29/03/2018,54,2018,3,29,4,17.6,28.4,7.2,0
30/03/2018,50,2018,3,30,5,18.6,29.1,16.6,0
31/03/2018,56,2018,3,31,6,18.1,30.6,24.1,0
01/04/2018,70,2018,4,1,7,19.7,19.7,3.6,0
02/04/2018,61,2018,4,2,1,20.1,30.8,10.9,0
03/04/2018,67,2018,4,3,2,25.1,25.1,0,0
04/04/2018,53,2018,4,4,3,10.1,30.1,13,0
05/04/2018,75,2018,4,5,4,14.1,32.1,7.2,0
06/04/2018,80,2018,4,6,5,25.1,30.1,20.5,0
07/04/2018,67,2018,4,7,6,14.1,14.1,0,0
08/04/2018,81,2018,4,8,7,19.1,19.1,3.6,0
09/04/2018,75,2018,4,9,1,18.6,18.6,,0
10/04/2018,66,2018,4,10,2,26.1,31.7,7.6,0
11/04/2018,80,2018,4,11,3,18.6,29.7,7.2,0
12/04/2018,87,2018,4,12,4,18.2,26.7,7.2,0
13/04/2018,90,2018,4,13,5,11.1,29.2,10.8,0
14/04/2018,59,2018,4,14,6,9,29,9,0
15/04/2018,62,2018,4,15,7,18.9,30.3,7.2,0
16/04/2018,72,2018,4,16,1,19.1,30.7,7.2,0
17/04/2018,64,2018,4,17,2,28.4,31.2,10.8,0
18/04/2018,82,2018,4,18,3,21.1,31.4,7.2,0
19/04/2018,67,2018,4,19,4,20.8,32.1,9.4,0
20/04/2018,72,2018,4,20,5,20.7,26.9,3.6,0
21/04/2018,64,2018,4,21,6,21.1,21.1,5.4,0
22/04/2018,67,2018,4,22,7,14.1,32.3,7.2,0
23/04/2018,64,2018,4,23,1,21.6,33.2,10.8,0
24/04/2018,84,2018,4,24,2,28.7,32.7,7.2,0
25/04/2018,77,2018,4,25,3,21.1,33.1,11.2,0
26/04/2018,74,2018,4,26,4,13.1,32.8,11,0
27/04/2018,87,2018,4,27,5,20.8,32.6,13,0
28/04/2018,56,2018,4,28,6,29.1,30.1,20.5,0
29/04/2018,67,2018,4,29,7,27.9,31.2,10.8,0
30/04/2018,73,2018,4,30,1,21.6,31.7,10.8,0
01/05/2018,56,2018,5,1,2,15.1,30.1,9.4,0
02/05/2018,72,2018,5,2,3,24.1,31.9,7.2,0
03/05/2018,67,2018,5,3,4,21.4,28.7,7.1,0
04/05/2018,78,2018,5,4,5,27.1,28.4,7.2,0
05/05/2018,62,2018,5,5,6,19,29,7.2,0
06/05/2018,71,2018,5,6,7,17.1,27.4,7.2,0
07/05/2018,71,2018,5,7,1,21.7,28.9,7.2,0
08/05/2018,77,2018,5,8,2,20.1,24,4,0
09/05/2018,94,2018,5,9,3,20.1,26.4,3.6,0
10/05/2018,87,2018,5,10,4,28.1,29.4,7.6,0
11/05/2018,67,2018,5,11,5,19.4,28.9,7.2,0
12/05/2018,62,2018,5,12,6,21.1,21.1,9.4,0
13/05/2018,79,2018,5,13,7,21.7,31.3,6.7,0
14/05/2018,84,2018,5,14,1,19.5,29.7,13,0
15/05/2018,63,2018,5,15,2,16,31,10,0
16/05/2018,77,2018,5,16,3,23.1,32.3,11.2,0
17/05/2018,68,2018,5,17,4,23.9,31.1,11.2,0
18/05/2018,87,2018,5,18,5,21.4,32,11.4,0
19/05/2018,70,2018,5,19,6,22.9,31.1,25.9,0
20/05/2018,65,2018,5,20,7,21.5,30.9,7.2,0
21/05/2018,76,2018,5,21,1,13.1,30.9,7.2,0
22/05/2018,88,2018,5,22,2,21.2,32.1,7.2,0
23/05/2018,74,2018,5,23,3,22.7,32.1,9.4,0
24/05/2018,78,2018,5,24,4,23.7,30.2,3.6,0
25/05/2018,62,2018,5,25,5,20.1,34.1,7.2,0
26/05/2018,67,2018,5,26,6,20.1,33.1,11.2,0
27/05/2018,66,2018,5,27,7,23.6,36.6,7.2,0
28/05/2018,70,2018,5,28,1,19.1,25.1,7.6,0
29/05/2018,63,2018,5,29,2,22.3,34.6,7.4,0
30/05/2018,58,2018,5,30,3,23.4,26.1,7.2,0
31/05/2018,75,2018,5,31,4,22.9,22.9,3.6,0
01/06/2018,77,2018,6,1,5,23.7,23.7,3.6,0
02/06/2018,65,2018,6,2,6,23.4,23.4,3.6,0
03/06/2018,74,2018,6,3,7,22.9,33.1,7.2,0
04/06/2018,70,2018,6,4,1,22.9,34.1,3.6,0
05/06/2018,66,2018,6,5,2,22.4,32.1,7.2,0
06/06/2018,75,2018,6,6,3,23.7,30.1,7.6,0
07/06/2018,68,2018,6,7,4,22.4,32.1,5.4,0
08/06/2018,73,2018,6,8,5,21.4,31.7,7.2,0
09/06/2018,74,2018,6,9,6,21.4,21.4,3.6,0
10/06/2018,65,2018,6,10,7,20.4,29.1,7.2,0
11/06/2018,77,2018,6,11,1,27.7,27.7,3.6,0
12/06/2018,58,2018,6,12,2,20.4,26.9,11.2,1
13/06/2018,71,2018,6,13,3,19.7,26.1,13,0
14/06/2018,74,2018,6,14,4,20.7,20.7,3.6,0
15/06/2018,91,2018,6,15,5,19.1,29.1,18.4,0
16/06/2018,63,2018,6,16,6,20.4,22.1,7.2,0
17/06/2018,61,2018,6,17,7,19.1,27.7,7.6,0
18/06/2018,71,2018,6,18,1,19.9,28.7,22.3,0
19/06/2018,87,2018,6,19,2,17.2,23.6,7.2,0.8
20/06/2018,76,2018,6,20,3,17.4,20.1,9.4,0
21/06/2018,57,2018,6,21,4,20.4,28.1,13,0
22/06/2018,78,2018,6,22,5,18.1,23.9,3.6,0
23/06/2018,69,2018,6,23,6,16.1,27.1,13,0
24/06/2018,70,2018,6,24,7,16.6,25.6,7.2,10.4
25/06/2018,73,2018,6,25,1,19.9,27.9,10.8,0
26/06/2018,72,2018,6,26,2,17.1,23.1,7.6,0
27/06/2018,83,2018,6,27,3,18.1,18.1,0,0
28/06/2018,73,2018,6,28,4,17,17.8,0,0
29/06/2018,82,2018,6,29,5,16.1,16.1,0,0
30/06/2018,59,2018,6,30,6,20.1,27.1,7.6,0
01/07/2018,67,2018,7,1,7,20.5,21.1,9.4,0
02/07/2018,69,2018,7,2,1,19.1,28.3,4,0
03/07/2018,84,2018,7,3,2,20.7,27.1,6.7,0
04/07/2018,71,2018,7,4,3,19.4,19.4,3.6,0
05/07/2018,90,2018,7,5,4,19.4,19.4,3.6,0
06/07/2018,82,2018,7,6,5,20.7,28.1,18.4,0
07/07/2018,75,2018,7,7,6,20.8,24.1,11.2,0
08/07/2018,79,2018,7,8,7,25.1,26.5,13,0
09/07/2018,73,2018,7,9,1,17.1,23.1,7.2,0.7
10/07/2018,77,2018,7,10,2,19.9,27.1,11.2,0
11/07/2018,85,2018,7,11,3,19.2,25.1,5.4,0
12/07/2018,67,2018,7,12,4,19.1,21.1,7.6,0
13/07/2018,88,2018,7,13,5,14.1,27.6,13,0
14/07/2018,69,2018,7,14,6,21.2,26.1,13,0
15/07/2018,93,2018,7,15,7,16.1,24.4,3.6,0
16/07/2018,92,2018,7,16,1,18.4,25.7,3.6,0
17/07/2018,81,2018,7,17,2,17.1,26.6,11.2,0
18/07/2018,91,2018,7,18,3,15.1,18.1,3.6,0
19/07/2018,74,2018,7,19,4,15.1,20.4,3.4,0
20/07/2018,76,2018,7,20,5,20.8,29.2,9.4,0
21/07/2018,91,2018,7,21,6,17.1,18.1,7.6,2.2
22/07/2018,73,2018,7,22,7,20.7,29.5,7.2,0
23/07/2018,79,2018,7,23,1,22.1,30.3,3.6,0
24/07/2018,76,2018,7,24,2,23.2,30.9,7.2,0
25/07/2018,88,2018,7,25,3,18.1,20.4,3.6,0
26/07/2018,99,2018,7,26,4,22.9,23.1,37.1,0
27/07/2018,79,2018,7,27,5,20.7,28.9,3.6,0
28/07/2018,87,2018,7,28,6,18.7,28.1,11.2,0
29/07/2018,80,2018,7,29,7,14.1,28.3,7.6,0
30/07/2018,59,2018,7,30,1,21.4,29.6,3.6,0
31/07/2018,77,2018,7,31,2,20.8,28.5,7.2,0
01/08/2018,87,2018,8,1,3,19.1,19.1,3.6,0
02/08/2018,82,2018,8,2,4,20.7,27.1,14.8,0
03/08/2018,73,2018,8,3,5,19.1,28.4,9.4,0
04/08/2018,74,2018,8,4,6,20.4,24.1,11.2,0
05/08/2018,74,2018,8,5,7,19.7,26.6,3.6,0
06/08/2018,93,2018,8,6,1,20.2,26.9,9.4,0
07/08/2018,71,2018,8,7,2,19.4,26.1,3.6,0
08/08/2018,70,2018,8,8,3,17.1,20.2,3.6,0
09/08/2018,79,2018,8,9,4,17.4,22.1,3.6,0
10/08/2018,85,2018,8,10,5,17.7,27.4,3.6,0
11/08/2018,74,2018,8,11,6,18.4,18.4,3.6,0
12/08/2018,77,2018,8,12,7,20.7,27.1,3.8,0
13/08/2018,78,2018,8,13,1,23.1,25.7,13,0
14/08/2018,79,2018,8,14,2,18.9,18.9,3.6,0
15/08/2018,72,2018,8,15,3,18.1,24.1,5.4,0
16/08/2018,99,2018,8,16,4,17.9,17.9,3.6,2
17/08/2018,87,2018,8,17,5,19.9,28.2,3.6,0
18/08/2018,74,2018,8,18,6,16.1,19.9,5.4,0.5
19/08/2018,73,2018,8,19,7,21.4,28.1,5.4,0
20/08/2018,62,2018,8,20,1,20.8,28.7,3.6,0
21/08/2018,72,2018,8,21,2,16.1,25.1,14.8,0
22/08/2018,78,2018,8,22,3,19.4,20.1,7.6,0
23/08/2018,73,2018,8,23,4,19.4,19.4,3.6,0
24/08/2018,84,2018,8,24,5,19.4,26.9,9.4,0
25/08/2018,78,2018,8,25,6,25.1,27.1,0,0
26/08/2018,80,2018,8,26,7,15.1,26.5,7.2,0
27/08/2018,64,2018,8,27,1,19.9,26.9,9.4,0
28/08/2018,85,2018,8,28,2,18.1,27,3.6,0
29/08/2018,66,2018,8,29,3,17.7,17.7,3.6,0
30/08/2018,73,2018,8,30,4,18.9,26.1,9.4,0
31/08/2018,77,2018,8,31,5,17.1,25.1,13,0
01/09/2018,71,2018,9,1,6,19.1,19.1,3.4,5
02/09/2018,63,2018,9,2,7,19.7,26.4,7.2,0
03/09/2018,90,2018,9,3,1,21.4,27.9,9.4,0
04/09/2018,81,2018,9,4,2,18.8,27.6,3.7,0
05/09/2018,90,2018,9,5,3,16.1,27.6,7.6,0
06/09/2018,63,2018,9,6,4,20.2,25.2,3.6,0
07/09/2018,79,2018,9,7,5,19.6,27.6,7.1,0
08/09/2018,61,2018,9,8,6,18.4,26.4,7.2,0
09/09/2018,82,2018,9,9,7,19.2,27.1,10.8,0
10/09/2018,73,2018,9,10,1,20.4,25.7,3.6,0
11/09/2018,65,2018,9,11,2,19.9,25.7,3.6,2
12/09/2018,65,2018,9,12,3,17.1,26.4,7.6,0
13/09/2018,81,2018,9,13,4,20.1,25.1,7.6,7
14/09/2018,82,2018,9,14,5,19.1,27.1,14.8,0
15/09/2018,85,2018,9,15,6,18.1,18.7,3.6,0
16/09/2018,77,2018,9,16,7,18.9,22.9,3.6,9.7
17/09/2018,75,2018,9,17,1,18,23,3.6,2
18/09/2018,72,2018,9,18,2,18.4,24.6,14.8,0
19/09/2018,71,2018,9,19,3,19.1,27.2,3.6,0
20/09/2018,83,2018,9,20,4,18.2,25.1,3.6,0
21/09/2018,68,2018,9,21,5,20.4,28.9,3.6,0
22/09/2018,70,2018,9,22,6,20.8,29.1,3.6,0
23/09/2018,94,2018,9,23,7,18.4,26.7,13,0
24/09/2018,72,2018,9,24,1,24.1,27.1,3.6,0
25/09/2018,70,2018,9,25,2,19.9,27.1,11.2,0
26/09/2018,77,2018,9,26,3,19.6,25.4,7.6,1
27/09/2018,80,2018,9,27,4,19.2,26.6,7.6,3
28/09/2018,76,2018,9,28,5,18.7,26.4,7.6,0
29/09/2018,73,2018,9,29,6,18.5,23.7,3.6,0
30/09/2018,62,2018,9,30,7,19.1,26.7,3.6,0
01/10/2018,84,2018,10,1,1,18.1,26.7,7.6,0
02/10/2018,68,2018,10,2,2,19.1,27.1,7.2,0
03/10/2018,89,2018,10,3,3,16.1,25.1,7.6,0
04/10/2018,69,2018,10,4,4,19.9,26.4,7.2,0
05/10/2018,81,2018,10,5,5,18.7,27.1,14.8,0
06/10/2018,64,2018,10,6,6,19.9,24.6,3.6,0
07/10/2018,63,2018,10,7,7,22.1,25.1,3.6,0
08/10/2018,83,2018,10,8,1,15.1,25.4,7.2,0
09/10/2018,54,2018,10,9,2,17.6,25.2,10.8,0
10/10/2018,81,2018,10,10,3,16.6,25.7,3.6,0
11/10/2018,74,2018,10,11,4,17.7,27.1,7.2,0
12/10/2018,85,2018,10,12,5,20.1,24.2,3.8,0
13/10/2018,60,2018,10,13,6,19.2,27.1,7.2,0
14/10/2018,84,2018,10,14,7,23.1,25.4,7.2,0
15/10/2018,71,2018,10,15,1,18.4,24.6,3.6,0
16/10/2018,70,2018,10,16,2,18.9,25.1,7.6,13
17/10/2018,79,2018,10,17,3,19.6,27.9,9.4,0
18/10/2018,89,2018,10,18,4,18.9,26.1,25.9,0
19/10/2018,70,2018,10,19,5,19.1,19.1,3.6,0
20/10/2018,61,2018,10,20,6,19.4,26.6,7.2,0
21/10/2018,90,2018,10,21,7,18.1,23.9,3.6,0
22/10/2018,92,2018,10,22,1,17.6,22.6,7.2,0
23/10/2018,67,2018,10,23,2,19.1,22.4,7.2,0
24/10/2018,69,2018,10,24,3,18.9,22.7,3.6,0
25/10/2018,68,2018,10,25,4,18.9,25.9,7.2,0
26/10/2018,59,2018,10,26,5,19.2,26.1,3.6,0
27/10/2018,58,2018,10,27,6,18.9,27.6,3.6,0
28/10/2018,62,2018,10,28,7,18.4,26.4,7.6,0
29/10/2018,79,2018,10,29,1,18.1,25.9,14.8,0
30/10/2018,63,2018,10,30,2,18.6,27.1,3.6,0
31/10/2018,86,2018,10,31,3,18.2,25.4,10.8,0
01/11/2018,82,2018,11,1,4,18.9,24.1,16.6,0
02/11/2018,72,2018,11,2,5,17.6,23.1,7.6,0
03/11/2018,71,2018,11,3,6,17.1,22.6,7.2,0
04/11/2018,97,2018,11,4,7,14.6,19.1,16.6,2.1
05/11/2018,77,2018,11,5,1,16.7,23.1,27.7,0
06/11/2018,65,2018,11,6,2,16.6,26.4,3.6,0
07/11/2018,84,2018,11,7,3,16.6,27.6,7.1,0
08/11/2018,61,2018,11,8,4,18.7,27.6,7.2,0
09/11/2018,73,2018,11,9,5,17.2,27.7,3.6,0
10/11/2018,76,2018,11,10,6,19.1,26.1,3.6,0
11/11/2018,63,2018,11,11,7,17.7,26.4,7.2,0
12/11/2018,79,2018,11,12,1,12.1,23.1,16.6,0
13/11/2018,72,2018,11,13,2,15.6,24.4,7.2,0
14/11/2018,67,2018,11,14,3,9.9,19.2,20.5,0
15/11/2018,74,2018,11,15,4,11.8,22.6,3.6,0
16/11/2018,69,2018,11,16,5,12.1,12.1,3.6,0
17/11/2018,68,2018,11,17,6,13,15,3.6,0
18/11/2018,90,2018,11,18,7,12,17,3.6,0
19/11/2018,67,2018,11,19,1,13,20,3.6,0
20/11/2018,77,2018,11,20,2,12,23,3.6,0
21/11/2018,93,2018,11,21,3,13,25,3.6,0
22/11/2018,89,2018,11,22,4,14,27,3.6,0
23/11/2018,85,2018,11,23,5,15.7,27.7,7.2,0
24/11/2018,85,2018,11,24,6,15.6,27.1,10.8,0
25/11/2018,74,2018,11,25,7,13.1,26.1,20.5,0
26/11/2018,108,2018,11,26,1,14.7,22.7,3.6,0
27/11/2018,83,2018,11,27,2,14.1,23.4,3.6,0
28/11/2018,90,2018,11,28,3,14.4,16.4,7.2,6
29/11/2018,72,2018,11,29,4,12.9,17.7,7.6,0
30/11/2018,75,2018,11,30,5,12.1,22.4,3.6,0
01/12/2018,72,2018,12,1,6,12.9,22.6,3.6,0
02/12/2018,67,2018,12,2,7,11.7,23.1,3.6,0
03/12/2018,70,2018,12,3,1,9.7,24.4,3.6,0
04/12/2018,92,2018,12,4,2,13.9,25.9,7.2,0
05/12/2018,76,2018,12,5,3,15.1,25.2,3.6,0
06/12/2018,91,2018,12,6,4,16.9,24.1,13,0
07/12/2018,102,2018,12,7,5,15.9,24.1,11.2,0
08/12/2018,83,2018,12,8,6,14.1,24.1,13,0
09/12/2018,100,2018,12,9,7,16.1,24.1,3.6,0
10/12/2018,127,2018,12,10,1,13.9,23.4,7.2,0
11/12/2018,103,2018,12,11,2,12.9,23.9,3.6,0
12/12/2018,100,2018,12,12,3,14.2,22.1,20.5,0
13/12/2018,96,2018,12,13,4,14.1,21.5,29.5,0
14/12/2018,75,2018,12,14,5,11.6,16.9,7.2,0
15/12/2018,65,2018,12,15,6,5.6,15.4,7.6,0
16/12/2018,77,2018,12,16,7,21.4,22.1,9.4,0
17/12/2018,81,2018,12,17,1,8.4,24.1,3.6,0
18/12/2018,84,2018,12,18,2,12.4,23.1,14.8,0
19/12/2018,92,2018,12,19,3,10.9,22.6,18.4,0
20/12/2018,84,2018,12,20,4,6.2,23.1,22.3,0
21/12/2018,102,2018,12,21,5,8.2,22.1,3.6,0
22/12/2018,84,2018,12,22,6,5.4,23.6,3.6,0
23/12/2018,85,2018,12,23,7,6.9,19.4,3.6,0
24/12/2018,83,2018,12,24,1,9.2,20.4,7.6,0
25/12/2018,52,2018,12,25,2,10.4,24.1,5.4,0
26/12/2018,60,2018,12,26,3,13.1,25.1,38.9,0
27/12/2018,71,2018,12,27,4,9.2,20.5,16.6,0
28/12/2018,79,2018,12,28,5,8.6,20.8,7.6,0
29/12/2018,71,2018,12,29,6,10.1,22.1,16.6,0
30/12/2018,65,2018,12,30,7,13.2,21.2,27.7,0
31/12/2018,70,2018,12,31,1,11.2,18.1,5.4,99
01/01/2019,54,2019,1,1,2,16.6,21.1,13,0
02/01/2019,67,2019,1,2,3,9.7,22.9,3.6,0
03/01/2019,86,2019,1,3,4,11.7,24.1,7.2,0
04/01/2019,77,2019,1,4,5,12.1,24.9,3.6,0
05/01/2019,85,2019,1,5,6,11.9,25.9,3.6,0
06/01/2019,89,2019,1,6,7,12.1,23,6.7,0
07/01/2019,78,2019,1,7,1,11.1,26.7,3.6,0
08/01/2019,76,2019,1,8,2,23.4,27.1,3.6,0
09/01/2019,80,2019,1,9,3,8.2,18.7,7.2,0
10/01/2019,92,2019,1,10,4,10.9,23.6,16.6,0
11/01/2019,73,2019,1,11,5,14.9,23.2,7.2,0
12/01/2019,73,2019,1,12,6,12.4,23.7,3.6,0
13/01/2019,70,2019,1,13,7,21.6,25.2,3.6,0
14/01/2019,86,2019,1,14,1,12.2,24.2,7.2,0
15/01/2019,74,2019,1,15,2,14.4,21.4,3.6,0.7
16/01/2019,67,2019,1,16,3,13.2,23.7,3.6,0
17/01/2019,69,2019,1,17,4,14.1,19.7,3.6,0
18/01/2019,62,2019,1,18,5,12.9,21.7,3.6,0
19/01/2019,69,2019,1,19,6,11.7,26.1,7.6,0
20/01/2019,69,2019,1,20,7,12.9,23.1,7.2,0
21/01/2019,76,2019,1,21,1,9.6,25.6,9.4,0
22/01/2019,75,2019,1,22,2,12.1,25.1,10.8,0
23/01/2019,66,2019,1,23,3,13.7,26.1,10.8,0
24/01/2019,70,2019,1,24,4,10.7,25.1,7.2,0
25/01/2019,73,2019,1,25,5,12.6,25.7,7.2,0
26/01/2019,64,2019,1,26,6,14.4,24.2,10.8,0
27/01/2019,72,2019,1,27,7,10.6,23.2,7.2,0
28/01/2019,78,2019,1,28,1,7.1,23.9,7.2,0
29/01/2019,61,2019,1,29,2,9.2,24.4,3.6,0
30/01/2019,75,2019,1,30,3,8.9,25.1,22.3,0
31/01/2019,65,2019,1,31,4,11.6,23.2,3.6,0
01/02/2019,79,2019,2,1,5,10.4,25.1,10.8,0
02/02/2019,68,2019,2,2,6,13.6,26.1,14.8,0
03/02/2019,78,2019,2,3,7,21.7,26.4,7.2,0
04/02/2019,78,2019,2,4,1,12,27.1,3.6,0
05/02/2019,65,2019,2,5,2,13.7,28.6,3.6,0
06/02/2019,80,2019,2,6,3,13.1,29.4,20.5,0
07/02/2019,81,2019,2,7,4,12.7,27.9,3.6,0
08/02/2019,77,2019,2,8,5,14.1,27.6,7.2,0
09/02/2019,61,2019,2,9,6,15.2,25.6,3.6,0
10/02/2019,78,2019,2,10,7,22.6,26.2,7.2,0
11/02/2019,71,2019,2,11,1,16.2,26.1,18.4,0
12/02/2019,79,2019,2,12,2,14.4,26.2,3.6,0
13/02/2019,62,2019,2,13,3,14.9,26.6,7.2,0
14/02/2019,75,2019,2,14,4,9.1,28.1,24.1,0
15/02/2019,68,2019,2,15,5,15.1,29.4,3.6,0
16/02/2019,75,2019,2,16,6,16.4,31.7,7.2,0
17/02/2019,76,2019,2,17,7,15.1,28.1,10.8,0
18/02/2019,81,2019,2,18,1,15.7,30,7.2,0
19/02/2019,51,2019,2,19,2,14.9,27.7,10.8,0
20/02/2019,67,2019,2,20,3,15.1,28.1,18.4,0
21/02/2019,78,2019,2,21,4,13.7,26.9,14.4,0
22/02/2019,84,2019,2,22,5,15.6,26.1,7.2,0
23/02/2019,69,2019,2,23,6,15.7,25.1,7.2,0
24/02/2019,62,2019,2,24,7,13.6,29.4,3.6,0
25/02/2019,71,2019,2,25,1,16.9,28.2,7.2,0
26/02/2019,77,2019,2,26,2,17.2,29.4,10.8,0
27/02/2019,62,2019,2,27,3,18.4,31.1,14.8,0
28/02/2019,73,2019,2,28,4,10.1,31.7,7.2,0
01/03/2019,96,2019,3,1,5,16.2,30.9,24.1,0
02/03/2019,79,2019,3,2,6,17.6,31.1,7.2,0
03/03/2019,61,2019,3,3,7,15.2,32.1,20.5,0
04/03/2019,73,2019,3,4,1,16.4,32.3,11.4,0
05/03/2019,82,2019,3,5,2,18.2,32.2,3.6,0
06/03/2019,59,2019,3,6,3,18.4,30.9,3.6,0
07/03/2019,63,2019,3,7,4,17.6,30.9,10.8,0
08/03/2019,61,2019,3,8,5,17.6,31.1,18.4,0
09/03/2019,61,2019,3,9,6,17.4,31.7,14.8,0
10/03/2019,54,2019,3,10,7,26.6,31.6,7.2,0
11/03/2019,71,2019,3,11,1,17.2,33.4,3.6,0
12/03/2019,75,2019,3,12,2,18.7,29.9,13,0
13/03/2019,71,2019,3,13,3,18.1,28.1,24.1,0
14/03/2019,61,2019,3,14,4,18.7,30.3,9.4,0
15/03/2019,66,2019,3,15,5,18.4,30.6,7.2,0
16/03/2019,60,2019,3,16,6,16.4,27.5,8.4,0
17/03/2019,56,2019,3,17,7,18.5,27.9,7.2,0
18/03/2019,62,2019,3,18,1,18.1,28.4,10.8,0
19/03/2019,63,2019,3,19,2,16.2,28.9,7.2,0
20/03/2019,71,2019,3,20,3,16.9,27.9,10.8,0
21/03/2019,62,2019,3,21,4,17.6,29.6,11.2,0
22/03/2019,74,2019,3,22,5,17.6,28.6,10.8,0
23/03/2019,68,2019,3,23,6,17.4,28.1,20.5,0
24/03/2019,54,2019,3,24,7,18.7,29.9,7.2,0
25/03/2019,66,2019,3,25,1,18.7,32.1,7.2,0
26/03/2019,53,2019,3,26,2,19.9,31.7,7.2,0
27/03/2019,74,2019,3,27,3,18.9,29.1,3.6,0
28/03/2019,61,2019,3,28,4,20.7,30.7,7.2,0
29/03/2019,69,2019,3,29,5,19.1,31.9,25.9,0
30/03/2019,65,2019,3,30,6,28.6,32.2,10.8,0
31/03/2019,68,2019,3,31,7,19.4,31.6,7.2,0
01/04/2019,55,2019,4,1,1,27.7,30.2,10.8,0
02/04/2019,65,2019,4,2,2,19.9,29.4,14.8,0
03/04/2019,71,2019,4,3,3,19.4,29.6,9.4,0
04/04/2019,56,2019,4,4,4,28.9,28.9,10.8,0
05/04/2019,82,2019,4,5,5,20.2,28.9,7.2,0
06/04/2019,53,2019,4,6,6,18.1,30,29.5,0
07/04/2019,61,2019,4,7,7,16.9,30.3,9.4,0
08/04/2019,77,2019,4,8,1,19.1,29.2,13,0
09/04/2019,57,2019,4,9,2,19.4,19.4,3.6,0
10/04/2019,72,2019,4,10,3,19.6,31.1,7.2,0
11/04/2019,57,2019,4,11,4,20.4,29.9,10.8,0
12/04/2019,59,2019,4,12,5,19.6,29.2,10.8,0
13/04/2019,70,2019,4,13,6,17.1,28.6,10.8,0
14/04/2019,66,2019,4,14,7,15.9,29.6,3.6,0
15/04/2019,63,2019,4,15,1,19.1,32.4,7.2,0
16/04/2019,50,2019,4,16,2,20.1,33.6,10.8,0
17/04/2019,57,2019,4,17,3,20.5,32.4,20.5,0
18/04/2019,50,2019,4,18,4,16.1,32.2,10.8,0
19/04/2019,61,2019,4,19,5,20.2,29.9,16.6,0
20/04/2019,47,2019,4,20,6,20.2,32.1,7.2,0
21/04/2019,55,2019,4,21,7,21.1,32.1,14.8,0
22/04/2019,56,2019,4,22,1,21.1,30.2,7.2,0
23/04/2019,53,2019,4,23,2,21.7,31.1,14.8,0
24/04/2019,66,2019,4,24,3,19.9,27.1,7.2,0
25/04/2019,51,2019,4,25,4,20.8,29.1,7.2,0
26/04/2019,59,2019,4,26,5,21.2,31.7,3.6,0
27/04/2019,51,2019,4,27,6,22.1,31.4,7.2,0
28/04/2019,60,2019,4,28,7,20.4,28.9,3.6,0
29/04/2019,63,2019,4,29,1,22.1,32.4,10.8,0
30/04/2019,59,2019,4,30,2,22.1,34.6,14.8,0
01/05/2019,53,2019,5,1,3,23.4,34.4,7.2,0
02/05/2019,63,2019,5,2,4,23.2,34.4,7.2,0
03/05/2019,75,2019,5,3,5,23.7,32.7,10.8,0
04/05/2019,63,2019,5,4,6,23.2,31.6,10.8,0
05/05/2019,50,2019,5,5,7,22.6,32.4,10.8,0
06/05/2019,75,2019,5,6,1,20.1,29.1,10.8,0
07/05/2019,71,2019,5,7,2,11.1,30,14.8,0
08/05/2019,73,2019,5,8,3,21.1,32.4,35.3,0
09/05/2019,60,2019,5,9,4,19.6,32.2,9.4,0
10/05/2019,54,2019,5,10,5,21.2,31.6,9.4,0
11/05/2019,53,2019,5,11,6,22.1,33.1,18.4,0
12/05/2019,59,2019,5,12,7,19.1,30.9,11.2,0
13/05/2019,72,2019,5,13,1,21.4,33.1,7.2,0
14/05/2019,81,2019,5,14,2,22.6,34.4,10.8,0
15/05/2019,68,2019,5,15,3,21.2,33.4,7.2,0
16/05/2019,76,2019,5,16,4,18,34,9,0
17/05/2019,59,2019,5,17,5,20,33,7,0
18/05/2019,54,2019,5,18,6,22,29,9,0
19/05/2019,49,2019,5,19,7,22.6,33,10,0
20/05/2019,67,2019,5,20,1,30.9,33.1,10.8,0
21/05/2019,71,2019,5,21,2,23.9,33.2,20.5,0
22/05/2019,60,2019,5,22,3,22.2,33.4,9.4,0
23/05/2019,58,2019,5,23,4,23.4,33.6,7.2,0
24/05/2019,49,2019,5,24,5,23.6,29.2,7.2,0
25/05/2019,57,2019,5,25,6,23.2,33.1,13,0
26/05/2019,54,2019,5,26,7,22.9,31.6,7.2,0
27/05/2019,56,2019,5,27,1,24.1,28.2,7.2,0
28/05/2019,64,2019,5,28,2,22.4,28.4,7.2,0
29/05/2019,59,2019,5,29,3,23.2,32.4,10.8,0
30/05/2019,60,2019,5,30,4,20.8,34.1,10.8,0
31/05/2019,68,2019,5,31,5,24.1,33.6,16.6,0
01/06/2019,57,2019,6,1,6,22.4,31.6,3.6,0
02/06/2019,56,2019,6,2,7,23.4,32.6,3.6,0
03/06/2019,68,2019,6,3,1,20.2,31.7,7.2,0.6
04/06/2019,63,2019,6,4,2,21.1,27.6,3.6,0.1
05/06/2019,51,2019,6,5,3,23.9,27.1,10.8,0
06/06/2019,62,2019,6,6,4,21.1,28.1,7.2,0
07/06/2019,65,2019,6,7,5,24.2,31.2,3.6,0
08/06/2019,44,2019,6,8,6,23.9,30.3,3.6,0
09/06/2019,57,2019,6,9,7,23.2,34.1,7.6,0
10/06/2019,54,2019,6,10,1,24.1,34.9,10.8,0
11/06/2019,47,2019,6,11,2,21.1,31.2,20.5,0
12/06/2019,54,2019,6,12,3,24.1,32.1,10.8,0.2
13/06/2019,56,2019,6,13,4,23.6,30.2,7.2,0
14/06/2019,50,2019,6,14,5,22.7,33.2,7.2,0
15/06/2019,48,2019,6,15,6,23.1,31.7,7.2,0
16/06/2019,56,2019,6,16,7,22.9,29.4,3.6,0
17/06/2019,71,2019,6,17,1,21.7,31.7,7.2,0
18/06/2019,67,2019,6,18,2,22,30,7.2,0
19/06/2019,61,2019,6,19,3,24,31,7.2,0
20/06/2019,65,2019,6,20,4,23,32,7.2,0
21/06/2019,57,2019,6,21,5,29.7,33.1,7.2,0
22/06/2019,63,2019,6,22,6,22.7,32.1,25.9,0
23/06/2019,62,2019,6,23,7,21.4,31.7,7.2,0
24/06/2019,66,2019,6,24,1,23.2,31.9,7.2,0
25/06/2019,51,2019,6,25,2,21.7,31.4,7.2,0
26/06/2019,48,2019,6,26,3,21.4,30.9,3.6,0
27/06/2019,56,2019,6,27,4,21.9,29.2,7.2,0
28/06/2019,61,2019,6,28,5,21.6,30.6,14.8,0
29/06/2019,55,2019,6,29,6,21.7,28.6,7.2,0
30/06/2019,66,2019,6,30,7,18.7,27.1,3.6,0
01/07/2019,47,2019,7,1,1,20.8,28.6,3.6,0
02/07/2019,57,2019,7,2,2,21.1,29.4,7.2,0
03/07/2019,62,2019,7,3,3,20.5,28.4,3.6,0
04/07/2019,53,2019,7,4,4,23.1,29.9,7.2,0
05/07/2019,61,2019,7,5,5,19.6,27.9,3.6,0
06/07/2019,37,2019,7,6,6,22.6,31.6,3.6,0
07/07/2019,48,2019,7,7,7,22.7,29.6,3.6,0
08/07/2019,59,2019,7,8,1,22.1,31.1,7.2,0
09/07/2019,67,2019,7,9,2,26.6,29.9,7.2,0
10/07/2019,63,2019,7,10,3,21.4,30.2,3.6,0
11/07/2019,65,2019,7,11,4,19.9,28.9,7.2,0
12/07/2019,68,2019,7,12,5,18.7,27.7,3.6,0.3
13/07/2019,64,2019,7,13,6,20.7,27.7,7.2,0
14/07/2019,85,2019,7,14,7,19.2,27.1,3.7,0
15/07/2019,71,2019,7,15,1,24.6,27.2,3.6,0
16/07/2019,73,2019,7,16,2,19.2,28.9,3.6,0
17/07/2019,57,2019,7,17,3,20.2,28.7,3.6,0
18/07/2019,49,2019,7,18,4,21.4,29.2,3.6,0
19/07/2019,56,2019,7,19,5,20.8,27.9,3.6,0
20/07/2019,55,2019,7,20,6,18.6,25.7,7.2,1
21/07/2019,74,2019,7,21,7,18.2,25.6,7.2,0.9
22/07/2019,52,2019,7,22,1,18.7,27.4,3.6,0
23/07/2019,61,2019,7,23,2,20.4,24.6,7.2,0
24/07/2019,62,2019,7,24,3,20.4,24.2,3.6,5
25/07/2019,65,2019,7,25,4,19.6,26.4,7.2,0
26/07/2019,72,2019,7,26,5,19.9,27.7,7.2,0
27/07/2019,72,2019,7,27,6,18.4,25.7,3.6,0
28/07/2019,55,2019,7,28,7,21.4,27.6,3.6,0.8
29/07/2019,80,2019,7,29,1,18.6,27.7,7.2,0
30/07/2019,62,2019,7,30,2,17.9,27.7,3.6,0
31/07/2019,68,2019,7,31,3,20.4,28.7,3.6,0
01/08/2019,63,2019,8,1,4,20.1,28.6,3.6,0
02/08/2019,71,2019,8,2,5,21.7,29.1,7.2,0
03/08/2019,53,2019,8,3,6,20.4,28.4,3.6,0
04/08/2019,58,2019,8,4,7,20.8,29.6,3.6,0
05/08/2019,73,2019,8,5,1,21.2,27.6,3.6,0
06/08/2019,67,2019,8,6,2,19.6,25.4,7.2,0
07/08/2019,72,2019,8,7,3,19.1,27.2,3.6,0
08/08/2019,56,2019,8,8,4,17.7,25.4,7.2,15
09/08/2019,59,2019,8,9,5,19.2,28.9,7.2,0
10/08/2019,52,2019,8,10,6,18.9,26.9,3.6,0
11/08/2019,57,2019,8,11,7,20.8,27.4,3.6,0
12/08/2019,70,2019,8,12,1,18.2,24.1,3.6,0
13/08/2019,59,2019,8,13,2,20.5,28.2,3.6,0
14/08/2019,61,2019,8,14,3,20.4,28.6,7.2,0
15/08/2019,61,2019,8,15,4,20.1,28.4,3.6,0
16/08/2019,66,2019,8,16,5,19.6,29.2,3.6,0
17/08/2019,54,2019,8,17,6,19.9,29.6,3.6,0
18/08/2019,58,2019,8,18,7,22.1,26.1,3.6,0
19/08/2019,65,2019,8,19,1,22.7,28.7,7.2,0
20/08/2019,70,2019,8,20,2,21.4,29.4,7.2,0
21/08/2019,75,2019,8,21,3,21.7,28.2,7.2,0
22/08/2019,68,2019,8,22,4,21.6,27.2,11.2,0
23/08/2019,68,2019,8,23,5,20.1,27.7,10.8,0
24/08/2019,53,2019,8,24,6,17.9,24.9,3.6,2
25/08/2019,68,2019,8,25,7,20.2,27.6,3.6,0
26/08/2019,64,2019,8,26,1,20.8,25.2,3.6,0
27/08/2019,59,2019,8,27,2,19.6,24.6,3.6,0
28/08/2019,67,2019,8,28,3,18.9,27.9,7.2,0
29/08/2019,67,2019,8,29,4,19.1,28.9,13,0
30/08/2019,65,2019,8,30,5,22.1,25.7,3.6,0
31/08/2019,54,2019,8,31,6,20.1,28.2,3.6,0
01/09/2019,58,2019,9,1,7,19.9,28.4,7.3,0
02/09/2019,79,2019,9,2,1,21.6,29.1,4,0
03/09/2019,72,2019,9,3,2,19.9,27.7,7.2,0
04/09/2019,63,2019,9,4,3,21.9,29.1,7.2,0
05/09/2019,66,2019,9,5,4,19.1,27.7,5.4,0
06/09/2019,68,2019,9,6,5,25.4,27.2,3.6,0
07/09/2019,43,2019,9,7,6,19.4,25.9,3.6,0
08/09/2019,62,2019,9,8,7,19.2,25.4,3.6,0
09/09/2019,58,2019,9,9,1,19.4,27.6,3.6,0
10/09/2019,64,2019,9,10,2,20.2,28.1,7.2,0
11/09/2019,53,2019,9,11,3,20.7,27.4,11.2,0
12/09/2019,72,2019,9,12,4,21.1,26.9,7.6,0
13/09/2019,56,2019,9,13,5,19.7,23.7,3.7,0
14/09/2019,56,2019,9,14,6,19.1,26.6,7.2,0
15/09/2019,51,2019,9,15,7,19.9,27.4,7.2,0
16/09/2019,56,2019,9,16,1,20.5,28.7,3.6,0
17/09/2019,70,2019,9,17,2,21.1,29.4,7.6,0
18/09/2019,60,2019,9,18,3,21.6,27.1,3.6,0
19/09/2019,41,2019,9,19,4,21.6,26.1,3.6,0
20/09/2019,67,2019,9,20,5,20.5,27.9,7.2,2
21/09/2019,58,2019,9,21,6,19.9,27.6,3.6,0
22/09/2019,62,2019,9,22,7,20.7,28.6,3.6,0
23/09/2019,47,2019,9,23,1,21.2,29.7,3.6,0
24/09/2019,53,2019,9,24,2,21.2,29.9,7.2,0
25/09/2019,56,2019,9,25,3,20.2,25.9,3.6,0
26/09/2019,69,2019,9,26,4,20.8,27.4,7.2,0
27/09/2019,54,2019,9,27,5,20.7,29.2,3.6,0
28/09/2019,50,2019,9,28,6,19.9,28.1,3.6,0
29/09/2019,61,2019,9,29,7,20.5,23.9,7.2,7
30/09/2019,63,2019,9,30,1,19.4,24.2,7.2,0
01/10/2019,62,2019,10,1,2,21.4,28.2,7.2,0
02/10/2019,58,2019,10,2,3,25.1,27.1,3.6,0
03/10/2019,69,2019,10,3,4,18.9,27.9,3.6,0
04/10/2019,56,2019,10,4,5,19.9,29.2,3.6,0
05/10/2019,49,2019,10,5,6,18.9,27.2,7.2,0
06/10/2019,54,2019,10,6,7,20.5,28.7,3.6,0
07/10/2019,63,2019,10,7,1,22.9,28.7,7.2,0
08/10/2019,64,2019,10,8,2,18.4,27.7,7.2,0
09/10/2019,53,2019,10,9,3,19.9,27.9,7.2,0
10/10/2019,63,2019,10,10,4,17.1,29.9,3.6,0
11/10/2019,50,2019,10,11,5,20.7,29.9,3.6,0
12/10/2019,47,2019,10,12,6,21.1,27.2,14.8,0
13/10/2019,50,2019,10,13,7,20.2,27.7,10.8,0
14/10/2019,56,2019,10,14,1,19.2,29.9,3.6,0
15/10/2019,58,2019,10,15,2,22.4,30.7,3.6,0
16/10/2019,42,2019,10,16,3,19.4,29.7,3.6,0
17/10/2019,75,2019,10,17,4,18.4,27.4,3.6,0.5
18/10/2019,62,2019,10,18,5,20.2,24.4,3.6,0
19/10/2019,49,2019,10,19,6,18.7,24.6,3.6,0
20/10/2019,49,2019,10,20,7,20.7,23.2,3.6,0.5
21/10/2019,55,2019,10,21,1,18.7,23.4,7.2,0
22/10/2019,53,2019,10,22,2,19.1,24.9,10.8,0
23/10/2019,59,2019,10,23,3,17.4,26.4,3.6,0
24/10/2019,52,2019,10,24,4,18.9,26.4,3.6,0
25/10/2019,69,2019,10,25,5,18.6,27.2,3.6,0
26/10/2019,57,2019,10,26,6,17.6,24.6,3.6,0
27/10/2019,62,2019,10,27,7,23.9,26.2,3.6,0
28/10/2019,49,2019,10,28,1,16.1,26.4,3.6,0
29/10/2019,56,2019,10,29,2,17.7,26.2,3.6,0
30/10/2019,58,2019,10,30,3,18.4,25.4,3.6,0
31/10/2019,60,2019,10,31,4,18.9,29.1,3.6,0
01/11/2019,52,2019,11,1,5,15.2,26.2,5.4,0
02/11/2019,53,2019,11,2,6,18.1,27.2,11.2,0
03/11/2019,63,2019,11,3,7,16.2,25.2,7.6,0
04/11/2019,70,2019,11,4,1,18.9,26.1,3.6,0
05/11/2019,41,2019,11,5,2,17.4,27.7,3.6,0
06/11/2019,62,2019,11,6,3,18.6,25.2,3.6,0
07/11/2019,51,2019,11,7,4,27.7,27.7,3.6,0
08/11/2019,75,2019,11,8,5,20.1,28.2,7.2,0
09/11/2019,62,2019,11,9,6,18.2,26.9,7.2,0
10/11/2019,46,2019,11,10,7,13.1,27.9,3.6,0
11/11/2019,65,2019,11,11,1,17.9,27.2,5.4,0
12/11/2019,57,2019,11,12,2,18.4,25.9,7.2,0
13/11/2019,60,2019,11,13,3,15.2,19.2,7.2,0.3
14/11/2019,81,2019,11,14,4,15.7,21.7,3.6,0
15/11/2019,59,2019,11,15,5,15.7,23.6,7.2,0
16/11/2019,49,2019,11,16,6,21.1,24.6,11.2,0
17/11/2019,59,2019,11,17,7,16.4,22.2,7.2,0
18/11/2019,65,2019,11,18,1,16.9,23.9,3.6,0
19/11/2019,65,2019,11,19,2,14.9,25.4,3.6,0
20/11/2019,54,2019,11,20,3,18.6,24.6,7.2,0
21/11/2019,66,2019,11,21,4,15.4,25.4,10.8,0
22/11/2019,61,2019,11,22,5,16.2,27.1,14.8,0
23/11/2019,54,2019,11,23,6,15.6,27.2,3.6,0
24/11/2019,53,2019,11,24,7,27.1,27.1,0,0
25/11/2019,54,2019,11,25,1,15.1,24.6,7.2,0
26/11/2019,54,2019,11,26,2,16.9,24.4,3.6,0
27/11/2019,65,2019,11,27,3,16.1,26.9,7.2,0
28/11/2019,49,2019,11,28,4,14.2,25.9,7.2,0
29/11/2019,62,2019,11,29,5,15.1,26.6,3.6,0
30/11/2019,48,2019,11,30,6,14.2,27.1,10.8,0
01/12/2019,54,2019,12,1,7,13.4,28.2,3.6,0
02/12/2019,68,2019,12,2,1,15.1,26.4,3.6,0
03/12/2019,52,2019,12,3,2,15.1,26.4,3.6,0
04/12/2019,62,2019,12,4,3,14.1,26.1,7.6,0
05/12/2019,50,2019,12,5,4,13.6,25.9,3.7,0
06/12/2019,59,2019,12,6,5,13.6,28.1,7.6,0
07/12/2019,44,2019,12,7,6,12.1,24.1,3.6,0
08/12/2019,70,2019,12,8,7,10.6,25.7,3.6,0
09/12/2019,58,2019,12,9,1,11.1,24.9,7.2,0
10/12/2019,58,2019,12,10,2,10.1,24.1,14.8,0
11/12/2019,66,2019,12,11,3,10.2,19.9,3.6,0
12/12/2019,59,2019,12,12,4,7.1,22.2,3.6,0
13/12/2019,58,2019,12,13,5,11.9,22.9,3.6,0
14/12/2019,51,2019,12,14,6,7.9,26.3,14.8,0
15/12/2019,58,2019,12,15,7,10.2,25.4,7.2,0
16/12/2019,52,2019,12,16,1,9.9,21.2,3.6,0
17/12/2019,66,2019,12,17,2,10.4,20.4,3.6,0
18/12/2019,59,2019,12,18,3,11.6,18.1,7.2,0
19/12/2019,55,2019,12,19,4,9.2,22.4,3.6,0
20/12/2019,58,2019,12,20,5,13.6,16.7,3.6,0.1
21/12/2019,51,2019,12,21,6,12.6,14.7,7.2,0.8
22/12/2019,60,2019,12,22,7,9.4,18.4,7.2,0
23/12/2019,55,2019,12,23,1,10.4,23.9,3.6,0
24/12/2019,37,2019,12,24,2,11.1,24.1,7.2,0
25/12/2019,31,2019,12,25,3,20.8,25.1,22.3,0
26/12/2019,51,2019,12,26,4,9.2,24.4,10.8,0
27/12/2019,48,2019,12,27,5,9.9,24.9,7.2,0
28/12/2019,42,2019,12,28,6,13.2,20.2,10.8,0
29/12/2019,48,2019,12,29,7,12.6,20.8,3.6,0
30/12/2019,47,2019,12,30,1,8.9,24.1,11.2,0
31/12/2019,42,2019,12,31,2,10.4,22.9,7.2,0
