TOTAL,ANIO,MES,DIA,DIA2,Tmin,Tmax,Temperature,Relative Humidity,Wind Speed,Wind Direction,luna,
54,1,1,1,7,12.7,22.2,17.4,72.96,3.6,360,7.032391637,
88,1,1,2,1,19.1,25.3,22.6,42.87,7.6,91.5,13.22052359,
68,1,1,3,2,11.1,26.7,19.8,51.65,7.2,94.67,21.20271523,
64,1,1,4,3,10.1,26.1,19.9,47.11,7.2,90,30.73469575,
71,1,1,5,4,10.1,24.1,17.1,65.32,3.6,90,41.43888597,
75,1,1,6,5,10.1,23.7,16.9,63.4,7.2,90,52.8035611,
69,1,1,7,6,17.1,17.1,17.1,42.04,0,90,64.20607349,
71,1,1,8,7,11.2,17.4,14.3,59.77,3.6,120,74.96235011,
73,1,1,9,1,10.1,23.7,18.7,38.02,16.6,97.5,84.39703693,
85,1,1,10,2,7.1,23.9,17.1,49.73,7.2,83.33,91.92100282,
86,1,1,11,3,6.9,25.7,17.7,51.34,7.2,210,97.09890393,
67,1,1,12,4,8.6,25.7,19.6,47.96,7.2,116.67,99.69139986,
79,1,1,13,5,11,25.7,19.8,45.13,9.4,87.5,99.66398364,
77,1,1,14,6,10.1,23.1,17.9,54.87,7.2,150,97.1642058,
91,1,1,15,7,21.9,24.1,23,29.57,7.2,255,92.47731605,
81,1,1,16,1,9.1,24.9,18.5,55.48,7.2,280,85.97409711,
79,1,1,17,2,8,24.7,18.9,44.1,7.6,194.67,78.06335926,
75,1,1,18,3,11.6,20.1,15.8,79.78,3.6,190,69.15680653,
81,1,1,19,4,13.9,23.4,19.7,55.71,10.8,283.33,59.6483387,
79,1,1,20,5,19.1,23.1,21.6,38.84,14.8,230,49.90549804,
75,1,1,21,6,8.9,24.2,18.2,49.86,10.8,163.33,40.26872939,
80,1,1,22,7,7.1,21.1,14.1,39.6,3.6,60,31.05423685,
85,1,1,23,1,7.1,27.4,19,41.27,7.2,95,22.55757998,
70,1,1,24,2,23.7,26.2,24.9,26.42,10.8,170,15.05666842,
80,1,1,25,3,6.1,24.9,15.8,64.55,10.8,250,8.813672974,
77,1,1,26,4,19.9,25.7,22.9,37.94,7.2,130,4.075289132,
85,1,1,27,5,22.4,27.2,24.8,30.64,7.2,245,1.070031415,
66,1,1,28,6,9.4,25.9,18.5,45.68,7.2,179.67,0.000448786,
89,1,1,29,7,10.9,22.1,18.1,44.01,7.2,92.5,1.028080118,
77,1,1,30,1,9.6,23.9,17.6,53.8,3.6,73.33,4.250177845,
72,1,1,31,2,21.7,21.7,21.7,48.59,7.2,280,9.669844648,
84,1,2,1,3,11.1,23.4,16.4,73.39,7.2,170,17.16475266,
69,1,2,2,4,11,11,11,88.77,3.4,90,26.46286412,
81,1,2,3,5,11.1,25.9,21,43.87,11.2,110,37.13492244,
65,1,2,4,6,11.1,21.1,16.1,68.35,7.2,90,48.61152376,
59,1,2,5,7,13.7,27.1,22.1,39.29,11.2,193.33,60.2270225,
66,1,2,6,1,11.1,26.3,18.7,54.85,7.9,306,71.28481084,
71,1,2,7,2,11.1,27.1,22.1,37.42,22.3,152.5,81.13151873,
74,1,2,8,3,10.4,28.9,21.3,45.33,3.6,105,89.22440576,
77,1,2,9,4,12.6,29.9,22.5,43.06,7.2,100,95.17816714,
80,1,2,10,5,27.4,27.4,27.4,31.66,7.2,30,98.78371932,
73,1,2,11,6,8,29,22.85,51.98,8.09,180,99.99958339,
74,1,2,12,7,14.3,28.6,24,33.75,7.6,218.25,98.92316982,
73,1,2,13,1,12.1,28.4,23.3,42.14,14.8,180,95.75254742,
83,1,2,14,2,12.1,25.1,20.2,40.39,18.4,153.33,90.74880687,
65,1,2,15,3,9.9,24.2,19.8,44.08,14.8,156.67,84.20598103,
67,1,2,16,4,10.4,23.7,18,51.94,18,136.67,76.43136871,
71,1,2,17,5,12.6,23.2,18.9,51.13,10.8,150,67.73557067,
77,1,2,18,6,6,24,22.85,51.98,8.09,150,58.42949132,
85,1,2,19,7,13.4,22.4,19.7,51.46,22.3,184,48.82513628,
68,1,2,20,1,11.6,23.9,19.2,56.83,7.2,140,39.23778539,
80,1,2,21,2,14.4,26.9,21.4,26.46,16.6,108,29.98824739,
65,1,2,22,3,12.6,12.6,12.6,57.38,3.6,100,21.40461269,
83,1,2,23,4,14.6,27.4,22,49.44,7.2,123.33,13.82274369,
78,1,2,24,5,12.6,28.1,21.7,45,7.2,150,7.583745438,
58,1,2,25,6,12.1,28.1,21.4,36.59,7.6,136.67,3.025464078,
69,1,2,26,7,10.1,24.6,16.6,53.04,3.6,80,0.464631594,
83,1,2,27,1,13.4,29.4,24.1,38.67,14.8,156.67,0.167535499,
94,1,2,28,2,11.1,29.2,22.7,38.82,11.2,167.14,2.31043196,
81,1,3,1,3,14.6,28.1,23.5,35.39,9.4,240,6.935751783,
94,1,3,2,4,15.6,28.9,23.1,48.04,7.2,66.67,13.91474203,
73,1,3,3,5,17.1,23.6,20.6,51.39,9.4,90,22.9291318,
65,1,3,4,6,15.6,23.1,19.2,57.51,7.2,90,33.48178743,
79,1,3,5,7,17.6,26.9,22.8,38.19,13,173.8,44.93908122,
64,1,3,6,1,17.1,25.1,21.1,49.04,3.6,90,56.59824988,
63,1,3,7,2,14.6,28.4,23.1,50.49,7.2,153.33,67.76528571,
51,1,3,8,3,17.6,25.1,21.7,51.17,20.5,163.33,77.82620411,
74,1,3,9,4,16.6,27.9,23.1,52.81,7.2,133.33,86.29773977,
78,1,3,10,5,17.1,28.4,22.4,46.7,9.4,120,92.85077505,
78,1,3,11,6,15.6,22.1,19.9,57.7,14.8,123.33,97.30781056,
58,1,3,12,7,22.4,24.6,23.7,34.68,3.6,215,99.62166245,
53,1,3,13,1,12.6,25.2,20.4,54.5,7.2,110,99.84497504,
74,1,3,14,2,14.1,27.4,19.9,42.84,7.2,100,98.0993425,
63,1,3,15,3,14.9,25.1,19.7,52.06,7.2,90,94.55006478,
73,1,3,16,4,11.1,24.1,17.1,56,7.2,90,89.38922751,
68,1,3,17,5,16.1,25.5,20.9,41.88,7.2,87,82.82697917,
77,1,3,18,6,12.1,30,21.6,43.96,7.6,119.5,75.08916758,
79,1,3,19,7,18.1,28.1,23.8,29.73,3.6,60,66.4190008,
69,1,3,20,1,11,30,22.85,51.98,8.09,90,57.08083816,
78,1,3,21,2,32.2,32.2,32.2,18.01,3.6,100,47.36504153,
69,1,3,22,3,18.6,30.3,24.5,33.28,7.6,265,37.59335449,
80,1,3,23,4,19.1,30.9,25.8,33.41,7.2,73.67,28.12397849,
80,1,3,24,5,16.1,30.3,22.5,43.89,10.8,163.33,19.35422439,
64,1,3,25,6,18.1,31.1,24.9,45.04,7.2,90,11.71678602,
86,1,3,26,7,18.6,30.9,25.7,44.94,10.8,160,5.664378409,
73,1,3,27,1,16.1,30.2,25.1,32.48,7.6,245,1.638111116,
78,1,3,28,2,17.1,30.9,25.3,33,7.2,150,0.018612383,
85,1,3,29,3,16.1,28.9,23.6,28.63,11.9,147.25,1.065448034,
56,1,3,30,4,14.6,29.9,24.5,29.56,7.6,172.5,4.857744283,
71,1,3,31,5,16.1,26.5,21.3,46.03,7.9,96.5,11.25346652,
83,1,4,1,6,10.1,30.9,20.5,38.64,8.9,93.33,19.88301646,
68,1,4,2,7,17.6,29.7,24.8,27.38,10.9,190.33,30.18384842,
84,1,4,3,1,14.6,20.1,17.3,44.25,3.6,70,41.46987137,
70,1,4,4,2,27.2,31.2,29.1,14.49,24.1,210,53.01836076,
80,1,4,5,3,17.6,31.6,25.9,38.87,7.2,176.67,64.15297119,
94,1,4,6,4,20.1,27.9,24,39.76,3.6,90,74.30538626,
68,1,4,7,5,15.1,31.6,25.5,27.4,10.8,185,83.04726139,
83,1,4,8,6,16,32,22.85,51.98,8.09,160,90.09376787,
68,1,4,9,7,21.7,31.9,27.8,23.28,10.8,130,95.28663028,
64,1,4,10,1,14.1,21.1,17.6,42.28,5.4,55,98.56684529,
69,1,4,11,2,20.5,32.1,26.3,27.33,37.1,215,99.94608141,
67,1,4,12,3,20.1,20.1,20.1,51.17,3.6,90,99.48275858,
59,1,4,13,4,19.1,26.1,22.6,35.84,5.4,125,97.26553874,
57,1,4,14,5,19.1,24.1,21.6,37.62,3.4,90,93.4043903,
73,1,4,15,6,19.6,31.6,26.3,28.88,11.2,144,88.02791085,
63,1,4,16,7,28.6,28.6,28.6,22.92,7.2,120,81.28518054,
72,1,4,17,1,24.1,24.1,24.1,13.14,11.2,340,73.35079351,
56,1,4,18,2,18.1,29.1,25.6,15.18,22.3,230,64.43241817,
71,1,4,19,3,18.1,31.1,25.6,38.16,7.2,80,54.78070185,
65,1,4,20,4,19.6,19.6,19.6,51.03,3.6,90,44.70100627,
62,1,4,21,5,16.1,32.7,23.8,36.73,14.8,222.5,34.56500771,
59,1,4,22,6,12,33,22.85,51.98,8.09,180,24.81778303,
69,1,4,23,7,24.1,29.1,27.1,25,11.2,106.67,15.9735244,
53,1,4,24,1,21.1,29.7,25.8,43.61,7.6,157.5,8.592110368,
72,1,4,25,2,19.1,29.3,23.9,41.02,11.3,214.33,3.231294504,
61,1,4,26,3,17.1,30,22.8,33.28,7.2,205,0.376255827,
66,1,4,27,4,13.1,27.9,19,38.77,3.6,100,0.358365175,
71,1,4,28,5,18.6,29.4,24.4,24.16,10.8,230,3.284012215,
53,1,4,29,6,8,32.1,21.6,40.01,7.2,90,8.996594261,
59,1,4,30,7,19.4,32.4,27,21.84,18.4,194,17.08696141,
67,1,5,1,1,19.1,32.1,25.6,29.7,33.5,350,26.95194516,
76,1,5,2,2,30.7,32.9,31.8,22.24,7.2,160,37.88440232,
54,1,5,3,3,15.1,32.7,26,29.72,13,232,49.16940425,
82,1,5,4,4,19.1,32.7,24.9,37.42,13,165,60.16315423,
67,1,5,5,5,21.4,32.3,27.3,36.1,7.2,205.33,70.34118958,
61,1,5,6,6,22.1,32.9,28.3,42.54,7.6,94.33,79.31438873,
72,1,5,7,7,18.1,31.9,26.2,36.83,10.8,203.33,86.82007448,
68,1,5,8,1,20.5,30.2,26.5,36.11,10.8,120,92.69905484,
77,1,5,9,2,20.5,32.4,27.9,33.63,18.4,115,96.86860607,
51,1,5,10,3,21.6,32.1,27.9,44.28,7.2,176.67,99.29827026,
51,1,5,11,4,22.1,34.3,29.2,33.92,11.3,208,99.99184617,
75,1,5,12,5,22.4,33.2,28.7,34.98,10.8,216.67,98.97625162,
72,1,5,13,6,23,32,22.85,51.98,8.09,200,96.29643068,
61,1,5,14,7,26.1,32.3,28.9,27.91,8.6,198,92.01508354,
75,1,5,15,1,21.1,34.1,26.8,40.56,8.3,257.67,86.21637677,
71,1,5,16,2,21.1,34.7,28.9,26.95,7.6,225,79.01349,
50,1,5,17,3,23.6,34.6,29.8,32.74,10.8,66.67,70.56035354,
64,1,5,18,4,19.1,35.4,27.2,25.21,10.8,187.25,61.06770241,
66,1,5,19,5,24.2,34.1,29.7,25.57,10.8,233.33,50.82220486,
66,1,5,20,6,14.1,34.6,26.1,38.03,7.2,90,40.20482959,
70,1,5,21,7,22.6,36.4,30.2,27.2,7.2,200,29.70133956,
71,1,5,22,1,22.1,34.9,28.6,31.22,7.2,203.33,19.89525832,
70,1,5,23,2,22.1,33.1,29.2,27.36,24.1,258,11.43402665,
75,1,5,24,3,18.1,33.1,25.6,50.42,7.2,135,4.964394797,
81,1,5,25,4,22.4,33.4,28.1,44.76,7.2,145.67,1.043570461,
65,1,5,26,5,22.6,35.4,29.5,37.08,7.2,126.67,0.045010999,
65,1,5,27,6,22.1,33.6,28.4,50.82,7.2,90,2.085648659,
64,1,5,28,7,21.1,33.1,28.9,32.97,18.4,280,6.998724071,
69,1,5,29,1,23.1,32.7,28.1,36.51,7.2,186.67,14.36234069,
60,1,5,30,2,22.6,32.2,27.8,48.69,7.2,93.33,23.57451986,
75,1,5,31,3,22.7,32.2,26.3,50.13,5.4,120,33.95071503,
69,1,6,1,4,20.8,32.7,27.2,41.13,7.2,110,44.816222,
63,1,6,2,5,23.1,33.9,28.8,39.05,7.2,146.67,55.57342442,
63,1,6,3,6,20.1,33.6,28,27.53,13,188,65.73647894,
71,1,6,4,7,19.1,34.1,26.8,28.59,5.4,185,74.93721302,
72,1,6,5,1,22.1,32.9,27.8,28.2,7.6,184.75,82.91198736,
73,1,6,6,2,23.1,34.3,28.8,37.91,7.2,212,89.47999271,
74,1,6,7,3,22.6,31.9,27.3,49.06,7.2,146.67,94.52092125,
62,1,6,8,4,22.6,31.2,27.2,50.55,7.2,186.67,97.95645639,
76,1,6,9,5,20.1,32.4,25.9,54.17,7.6,212.5,99.73710286,
62,1,6,10,6,21,30,25.7,66.09,7.2,90,99.83417072,
73,1,6,11,7,20.7,30.2,25.8,58.7,7.2,213.33,98.23622136,
76,1,6,12,1,20.5,31.9,26.5,54.46,7.2,301.33,94.94962633,
76,1,6,13,2,23.1,32.9,28.3,50.91,3.6,96.67,90.00359056,
53,1,6,14,3,24.1,31.3,28.4,43.38,7.4,135.67,83.46053268,
79,1,6,15,4,24,31.1,27.1,44.75,9.4,79.8,75.43260233,
68,1,6,16,5,23.6,32.7,27.5,55.54,7.2,183.33,66.10393806,
63,1,6,17,6,18.1,33,24.8,64.03,7.4,94.67,55.7558356,
61,1,6,18,7,23.7,32.4,27.7,48.84,20.5,310,44.78857328,
68,1,6,19,1,23.6,32.9,29.2,38.19,14.8,160,33.73026736,
63,1,6,20,2,24.6,30.9,27.8,41.84,16.6,75,23.22173114,
59,1,6,21,3,17.1,32.5,26.5,42.67,9.4,60.75,13.96919866,
61,1,6,22,4,19.1,32.9,25.9,58.9,7.6,117.5,6.665232955,
67,1,6,23,5,23.6,28.7,26.1,56.31,7.2,195,1.890581572,
57,1,6,24,6,23.6,33.1,28.7,51.19,7.2,75,0.020973918,
62,1,6,25,7,25.4,30.2,27.8,45.88,7.2,75,1.16613105,
64,1,6,26,1,20.5,26.1,24,61.32,9.4,132.5,5.15981156,
63,1,6,27,2,21.6,30.7,26.8,47.87,11.2,208.33,11.60242037,
85,1,6,28,3,21.1,23.9,22,78.41,7.2,164,19.94008207,
55,1,6,29,4,21.1,27.1,24.4,64.64,14.8,160,29.55471727,
86,1,6,30,5,19.9,19.9,19.9,81.81,3.6,310,39.84165526,
59,1,7,1,6,17.1,23.4,20,82.79,18.4,90,50.26126299,
62,1,7,2,7,17.1,27.2,21.6,76.4,4.1,141,60.36258594,
69,1,7,3,1,18.1,26.9,22.8,67.76,3.6,110,69.78507129,
60,1,7,4,2,20.1,26.4,24.5,51.52,22.3,116,78.24744025,
55,1,7,5,3,19.6,28.6,24.6,56.6,7.2,83.33,85.53179215,
75,1,7,6,4,19.1,28.9,24.5,64.48,7.2,66.67,91.46819013,
77,1,7,7,5,19.4,28.4,24.2,61.42,7.2,76.67,95.92213223,
79,1,7,8,6,19.6,27.6,24.1,73.37,7.2,90,98.78545217,
68,1,7,9,7,21.7,25.7,23.7,66.94,3.6,105,99.970546,
71,1,7,10,1,18.4,24.2,21.3,76.28,3.6,113.33,99.40809568,
70,1,7,11,2,19.6,20.8,20.2,84.27,3.6,55,97.04914591,
62,1,7,12,3,20.7,26.9,23.9,67.38,7.2,243.33,92.87293018,
56,1,7,13,4,20.1,24.4,22.2,71.88,7.2,185,86.90175044,
66,1,7,14,5,20.1,20.1,20.1,87.17,3.6,90,79.2231237,
53,1,7,15,6,21.1,29.1,24.6,58.95,7.2,90,70.01714918,
70,1,7,16,7,21.2,27.1,24.1,59.92,3.6,170,59.58381679,
75,1,7,17,1,19.1,27.1,23.5,66.05,3.6,186.67,48.36157228,
72,1,7,18,2,19.6,27.9,24.4,64.45,7.2,83.33,36.92642008,
53,1,7,19,3,18.6,27.2,23.8,70.42,7.2,83.33,25.96217459,
77,1,7,20,4,19.6,26.2,22.7,65.54,3.6,113.33,16.19860123,
81,1,7,21,5,20.1,27.9,23.9,67.56,3.8,118.33,8.324520005,
50,1,7,22,6,20.5,29.6,24.3,66.18,7.2,90,2.893912045,
69,1,7,23,7,19.6,27.9,24.7,63.09,11.2,110,0.249135985,
72,1,7,24,1,20.1,20.1,20.1,79.27,3.6,80,0.48220193,
55,1,7,25,2,19.4,19.4,19.4,84.39,7.2,90,3.442961184,
75,1,7,26,3,18.6,25.1,21.3,84.42,7.2,63.33,8.787565145,
58,1,7,27,4,19.1,26.1,22.6,65.33,9.4,85,16.04905506,
87,1,7,28,5,19.6,19.6,19.6,88.79,3.6,90,24.70908098,
64,1,7,29,6,20.1,27.6,25,70.77,7.6,117.5,34.25496479,
78,1,7,30,7,17.1,29.7,23.2,70.44,7.3,185.5,44.21533411,
71,1,7,31,1,21.6,30.9,26.8,56.72,7.6,162.5,54.17565826,
65,1,8,1,2,22.7,29.9,26.7,50.49,7.2,53.33,63.77955439,
80,1,8,2,3,21.4,30,26.4,58.24,7.6,112.25,72.72252524,
71,1,8,3,4,18.4,28.6,24.2,63.79,11.2,117.5,80.74320027,
57,1,8,4,5,19.7,28.4,25.5,59.43,7.6,200,87.61486904,
82,1,8,5,6,19.6,29.6,24.9,70.19,7.2,90,93.13836034,
81,1,8,6,7,21,28.7,24.8,63.86,7.6,132.5,97.13664925,
72,1,8,7,1,20.5,28.2,24.4,67.49,7.2,200,99.45185277,
57,1,8,8,2,26.1,26.4,26.3,54.56,13,73.33,99.94599959,
79,1,8,9,3,21.1,29.6,25.8,61.28,7.2,65,98.50751149,
48,1,8,10,4,21.7,27.4,24.7,61.42,22.3,143.33,95.0651741,
62,1,8,11,5,20.4,28.4,24.5,63.85,10.8,100,89.61015963,
50,1,8,12,6,20.5,29.1,24.9,71.75,7.2,90,82.2243239,
55,1,8,13,7,20.5,27.4,24.4,70.77,3.6,160,73.10984709,
75,1,8,14,1,18.2,25.9,22,71.7,7.2,225,62.61213855,
74,1,8,15,2,18.1,27.7,21.8,69.61,7.2,276.67,51.22612547,
69,1,8,16,3,16.1,29.4,23.2,67.31,7.2,110,39.57714307,
71,1,8,17,4,20.7,28.2,25,56.13,27.7,114,28.3726361,
57,1,8,18,5,20.1,28.6,24.3,68.6,7.2,56.67,18.32919987,
60,1,8,19,6,18.1,27.1,23.2,66.56,9.4,78,10.08847227,
69,1,8,20,7,19.9,27.1,24.5,60.6,9.4,105,4.141017379,
68,1,8,21,1,21.2,28.9,25.3,57.88,7.2,93.33,0.776340589,
65,1,8,22,2,21.1,27.4,24.6,62.46,3.8,113.67,0.069283368,
54,1,8,23,3,19.1,25.4,21.9,81.32,7.2,310,1.901611514,
77,1,8,24,4,16.1,21.7,18.3,85.27,9.4,180,6.007758149,
82,1,8,25,5,17.1,27.9,21.9,79.37,3.8,157.33,12.02928616,
83,1,8,26,6,19.6,27.1,23.9,73.66,3.6,90,19.56436724,
86,1,8,27,7,18,28,22.85,51.98,8.09,113,28.20421245,
82,1,8,28,1,18.6,26.9,23.3,70.64,3.6,145,37.55467003,
85,1,8,29,2,18.1,24.1,22.1,72.65,22.3,85,47.2456636,
58,1,8,30,3,18.6,20.5,19.8,86.86,7.2,100,56.93289794,
62,1,8,31,4,17.9,21.7,19.9,86.16,9.4,97.5,66.29580386,
79,1,9,1,5,19.1,25.1,22.6,70.66,7.2,63.33,75.03419615,
84,1,9,2,6,18.1,26.6,21.9,81.89,9.4,145,82.86474616,
67,1,9,3,7,20.2,25.9,23.4,61.03,9.4,113.33,89.51783864,
86,1,9,4,1,19.1,19.1,19.1,91.38,3.4,70,94.735787,
85,1,9,5,2,18.6,21.1,19.8,89.61,3.6,90,98.27429167,
70,1,9,6,3,19.1,24.2,21.4,82.97,7.2,110,99.90973352,
76,1,9,7,4,17.6,25.2,21.9,79.23,7.2,83.33,99.45470917,
73,1,9,8,5,20.1,26.2,23.8,64.89,7.2,73.33,96.78271379,
72,1,9,9,6,19.1,26.2,23.7,64.92,11.2,78,91.86007473,
92,1,9,10,7,17.6,27.1,22.3,67.94,13,125,84.77970101,
76,1,9,11,1,19.6,27.2,23.6,57.27,7.2,73.33,75.78805159,
71,1,9,12,2,18.6,27.9,23.8,52.45,3.6,170,65.29539625,
72,1,9,13,3,19.1,28.2,24.7,57.5,7.6,72.5,53.86123038,
59,1,9,14,4,21.4,29.1,25.2,63.22,3.6,203.33,42.15198824,
73,1,9,15,5,20.5,25.9,23.2,69.1,7.2,100,30.87583835,
69,1,9,16,6,21.7,29.1,26.7,58.68,7.2,76.67,20.7067188,
88,1,9,17,7,24.9,28.4,26.4,55.59,11.2,136.67,12.21376916,
60,1,9,18,1,15.1,28.1,22,72.46,3.6,90,5.810952628,
77,1,9,19,2,27.1,27.1,27.1,47.84,5.4,100,1.735330514,
68,1,9,20,3,28.7,28.7,28.7,51.41,3.6,40,0.053842367,
74,1,9,21,4,19.2,25.1,22.6,70.13,5.4,92.5,0.691091785,
89,1,9,22,5,19.7,27.2,23.2,74.68,7.2,83.33,3.467050975,
76,1,9,23,6,19.4,24.2,21.8,84.24,7.2,90,8.134235593,
53,1,9,24,7,20.1,24.4,22.6,68.51,13,140,14.40743284,
76,1,9,25,1,20.5,23.4,21.8,80.5,3.6,80,21.98343511,
72,1,9,26,2,24.9,26.4,25.6,59.11,3.6,180,30.55171657,
71,1,9,27,3,19.9,27.7,24.2,68.19,3.6,183.33,39.79874792,
70,1,9,28,4,18.7,25.1,22.6,78.22,7.2,83.33,49.40873133,
71,1,9,29,5,19.1,25.1,22.8,66.72,16.6,97,59.06262682,
66,1,9,30,6,19.6,25.1,22.9,77.9,7.2,90,68.43633631,
77,1,10,1,7,19.4,25.7,22.8,67.62,7.2,96.67,77.19855316,
81,1,10,2,1,18.6,26.9,23.2,69.05,7.6,123.33,85.00936119,
65,1,10,3,2,25.1,26.1,25.6,49.02,14.8,110,91.52188873,
74,1,10,4,3,25.1,26.1,25.6,61.27,9.4,95,96.39043333,
72,1,10,5,4,20.7,25.4,23.6,63.09,13,124,99.28853883,
67,1,10,6,5,19.9,29.2,25.1,61.06,7.2,86.67,99.93881581,
67,1,10,7,6,17.6,24.1,21.7,77.87,7.2,90,98.15275315,
76,1,10,8,7,18.6,23.4,21.1,69.74,3.6,163.33,93.87416393,
70,1,10,9,1,19.1,24.6,22.3,65.69,3.6,293.33,87.21589302,
78,1,10,10,2,19.1,27.9,24.8,63.65,13,95.25,78.47799447,
57,1,10,11,3,18.7,25.9,22.9,68.61,7.2,66.67,68.13821238,
67,1,10,12,4,18.6,25.6,22.9,58.72,7.6,87.5,56.81219163,
74,1,10,13,5,19.4,24.2,22.6,60.8,11.2,82.5,45.18940958,
52,1,10,14,6,18.6,26.4,23,64.96,7.2,90,33.95808536,
69,1,10,15,7,20.4,27.1,23.5,55.58,7.6,110,23.73528075,
78,1,10,16,1,18.7,26.9,23.5,59.24,7.2,90,15.01590719,
66,1,10,17,2,17.6,25.2,22,63.83,7.2,69.67,8.147711084,
74,1,10,18,3,25.1,27.9,26.5,52.47,7.2,145,3.33149516,
71,1,10,19,4,18.7,26.1,23.3,54.41,7.2,65,0.639828452,
86,1,10,20,5,20.8,27.9,24.9,55.84,14.8,294,0.044924011,
67,1,10,21,6,19.1,28.7,24.6,48.93,7.2,90,1.447122424,
86,1,10,22,7,18.2,29.4,24.2,51.05,7.6,137.5,4.69825012,
82,1,10,23,1,18.7,27.1,23.5,54.29,10.8,50,9.617477091,
74,1,10,24,2,22.1,22.1,22.1,43.46,7.6,120,15.99999236,
63,1,10,25,3,12.1,24.9,19.1,60.24,10.8,85,23.62026867,
63,1,10,26,4,14.7,24.4,19,48.25,7.6,135,32.23189789,
66,1,10,27,5,9.1,27.4,20.5,53.23,7.6,207.5,41.5653713,
70,1,10,28,6,16.6,27.6,22.1,57.93,9.4,77.5,51.32441886,
82,1,10,29,7,18.6,26.7,23.4,52.94,7.2,203.33,61.18127965,
71,1,10,30,1,17.6,24.6,22.3,54.78,9.4,217.5,70.77196123,
77,1,10,31,2,23.2,23.2,23.2,55.85,3.6,350,79.69407574,
69,1,11,1,3,17.1,25.9,21.5,62.6,3.6,320,87.51155063,
78,1,11,2,4,19.4,28.1,24.6,57.58,3.6,146.67,93.77128594,
82,1,11,3,5,19.1,30.1,24.9,56.49,7.6,96.67,98.03550774,
65,1,11,4,6,23.2,31.1,27.4,29.14,3.6,90,99.92957083,
60,1,11,5,7,15.1,30.3,24.3,49.58,7.6,121.67,99.19893661,
76,1,11,6,1,15.1,29.9,23.8,30.06,3.6,100,95.76308786,
66,1,11,7,2,14.4,28.9,22.6,47.68,7.2,76.67,89.75117227,
75,1,11,8,3,12.6,29.7,22.7,33.59,3.6,200,81.50651623,
77,1,11,9,4,16.9,28.2,24.8,43.85,5.4,170,71.5549578,
101,1,11,10,5,19.1,27.7,24.3,52.86,7.2,165,60.54256673,
71,1,11,11,6,18.1,28.1,23.2,52.9,7.2,90,49.15738217,
93,1,11,12,7,17.4,28.1,23.1,43.95,7.2,103.67,38.05350192,
95,1,11,13,1,17.1,27.4,24.1,40.88,16.6,92,27.79303075,
81,1,11,14,2,16,26.4,21.8,53.81,7.2,92.33,18.81395544,
63,1,11,15,3,15.6,26.7,22.1,50.96,3.6,133.33,11.42358759,
72,1,11,16,4,16.1,16.1,16.1,65.79,7.2,90,5.811038438,
82,1,11,17,5,14.1,27.2,21.5,41.31,3.6,120,2.069713338,
80,1,11,18,6,13.6,29.5,23.3,47.65,7.2,90,0.221625828,
91,1,11,19,7,17.2,26.7,22.6,39.34,7.2,80,0.238003525,
73,1,11,20,1,14.4,26.7,20.4,53.15,5.4,185,2.053687824,
67,1,11,21,2,9.1,26.4,20.3,49.25,18.4,180,5.575196891,
90,1,11,22,3,12.4,26.4,21.8,36.2,7.6,56.67,10.68359662,
71,1,11,23,4,12.1,22.9,18.3,38.98,7.6,86.67,17.23354985,
96,1,11,24,5,9.2,23.9,17.7,43.91,3.6,120,25.04944744,
78,1,11,25,6,10.6,26.1,19.4,53.2,7.2,91.33,33.91890643,
82,1,11,26,7,12.2,26.7,22.4,31.78,18.4,90,43.58373714,
76,1,11,27,1,8.4,24.9,19.2,44.28,3.6,230,53.72919198,
81,1,11,28,2,11.7,25.4,19.5,43.14,9.4,127.5,63.97402192,
61,1,11,29,3,10.6,26.9,19.6,41,3.6,93.33,73.86614228,
75,1,11,30,4,12.6,24.2,19.1,32.58,7.2,73,82.89048082,
90,1,12,1,5,10.6,22.9,17.6,37.4,14.8,88,90.49537267,
65,1,12,2,6,8.8,25.1,17.7,47.31,7.2,85,96.1404366,
77,1,12,3,7,20.8,24.9,22.9,33.91,3.6,110,99.36216418,
70,1,12,4,1,6.1,25.7,18,54.19,9.4,206.67,99.84536845,
68,1,12,5,2,13.1,26.4,20.8,55.84,7.2,76.67,97.48274781,
70,1,12,6,3,11.1,27.1,21.9,44.71,7.6,240,92.4047533,
50,1,12,7,4,8,25.7,18.2,56.06,10.8,170,84.96907023,
66,1,12,8,5,15.6,22.1,19.8,46.21,7.2,210,75.71105948,
66,1,12,9,6,5.6,19.1,13.2,28.61,14.8,130,65.26835456,
92,1,12,10,7,8.7,19.1,15.3,28.54,9.4,96.67,54.29934103,
82,1,12,11,1,6.6,16.4,12.3,40.95,3.6,215,43.41416547,
67,1,12,12,2,9.1,25.3,17.2,32.68,7.3,87,33.12978909,
85,1,12,13,3,11.1,17.1,14.1,28.23,5.4,280,23.85141833,
79,1,12,14,4,10.6,23.4,19.2,51.15,7.2,166.67,15.87532001,
77,1,12,15,5,13.6,22.2,17.9,65.31,9.4,172.5,9.404545053,
72,1,12,16,6,12.6,16.1,14.4,90.33,18.4,145,4.56924434,
77,1,12,17,7,16.6,22.4,19.5,71.77,7.2,90,1.44559918,
76,1,12,18,1,14.2,23.4,19.2,72.09,7.2,186.67,0.070278804,
77,1,12,19,2,14.6,25.1,19.8,63,7.6,180,0.449653792,
78,1,12,20,3,24.1,25.4,24.5,37.26,11.2,286.67,2.564262264,
81,1,12,21,4,12.1,24.9,18.5,64.24,7.6,100,6.369280579,
108,1,12,22,5,12.6,21.7,18.5,59.8,9.4,130,11.7913419,
73,1,12,23,6,7.1,25.1,16.7,65.64,7.6,77.5,18.72148026,
68,1,12,24,7,21.5,21.5,21.5,47.41,7.1,116,27.00379806,
40,1,12,25,1,19.1,24.1,21.6,27.94,5.4,30,36.42012249,
60,1,12,26,2,10.6,25.2,18.2,53.32,7.2,217.5,46.67265042,
63,1,12,27,3,25.9,25.9,25.9,24.7,3.6,40,57.3691627,
77,1,12,28,4,11.1,23.4,18.2,50.45,7.2,170,68.01796928,
66,1,12,29,5,10.6,23.4,18,54.21,3.6,170,78.04086212,
57,1,12,30,6,10.6,25.4,19,55.29,3.6,90,86.81036724,
66,1,12,31,7,11.9,24.1,20.1,50.84,14.8,230,93.7116619,
64,3,1,1,1,11.9,11.9,11.9,87.55,8.09,180,98.22072885,
64,3,1,2,2,11.6,24,18.4,56.02,7.2,110.33,99.98196585,
70,3,1,3,3,23.7,23.7,23.7,35.15,3.6,30,98.86488612,
67,3,1,4,4,10.6,23.4,18,54.28,9.4,137.5,94.98357896,
57,3,1,5,5,10.6,26.1,20.9,45.37,11.2,187.25,88.6734462,
74,3,1,6,6,6.1,25.1,17.3,54.76,7.2,90,80.4328837,
63,3,1,7,7,10.1,20.8,15.4,65.15,3.6,190,70.84725382,
74,3,1,8,1,10.4,25.4,17.9,55.84,7.2,150,60.5149248,
64,3,1,9,2,9.1,24.9,18.2,47.69,7.2,93.33,49.99045154,
66,3,1,10,3,9.9,24.6,18.9,54.55,7.2,290,39.75147822,
83,3,1,11,4,10.1,25.1,19.3,41.42,11.2,210,30.18783099,
63,3,1,12,5,11.1,25.1,18.6,30.88,9.4,106.67,21.60632112,
57,3,1,13,6,6.6,26.6,17.7,49.98,7.2,90,14.24356728,
83,3,1,14,7,7.9,21.4,15.8,38.72,7.6,93.75,8.280604816,
70,3,1,15,1,5.4,5.4,5.4,83.92,8.09,100,3.855567721,
74,3,1,16,2,7.1,23.9,17,49.72,7.2,106.67,1.072990675,
75,3,1,17,3,6.4,21.2,15.2,53.21,3.6,335,0.009601084,
82,3,1,18,4,8.6,23.7,17,57.13,7.2,130,0.716771495,
73,3,1,19,5,10.1,22.9,18,61.66,7.2,76.67,3.219400956,
60,3,1,20,6,9.6,24.6,18.1,58.52,7.2,90,7.510409207,
61,3,1,21,7,8.1,24.9,17.8,41.97,10.8,210,13.53981279,
67,3,1,22,1,8.7,23.7,16.7,39.54,3.6,210,21.19796897,
77,3,1,23,2,11.9,25.2,20,48.43,7.2,153.33,30.29427166,
90,3,1,24,3,12.6,25.6,19.6,53.75,7.2,110,40.5352427,
63,3,1,25,4,12.1,18.4,15.7,69.4,7.6,102.5,51.50891057,
78,3,1,26,5,12.1,23.7,18.4,59.15,7.2,130,62.68430856,
76,3,1,27,6,10.4,26.1,19.3,59.93,7.2,90,73.43422092,
62,3,1,28,7,20.1,24.6,22.4,55.03,7.2,105,83.08478274,
75,3,1,29,1,10.7,18.9,16.3,67.84,24.1,99.67,90.98758078,
72,3,1,30,2,14.6,17.1,15.9,34.97,7.6,96.67,96.60105009,
79,3,1,31,3,13.6,16.9,15.5,40.16,7.2,85,99.56221416,
85,3,2,1,4,8.6,20.4,15.9,66.41,3.6,150,99.73054503,
90,3,2,2,5,12.6,27.2,20.7,56.58,7.2,120,97.19343677,
86,3,2,3,6,13.6,24.1,19.4,66.17,3.6,90,92.23445207,
71,3,2,4,7,27.1,27.9,27.5,19.49,3.6,290,85.2760778,
65,3,2,5,1,26.9,26.9,26.9,27.13,3.6,270,76.81398588,
76,3,2,6,2,14.6,26.2,22.7,45.07,10.8,163.33,67.35847051,
83,3,2,7,3,10.1,24.6,19.6,46.47,13,335,57.39269065,
77,3,2,8,4,15.6,23.9,20.7,51.68,7.4,113.5,47.35002316,
77,3,2,9,5,13.6,16.9,15.6,82.58,3.6,140,37.60722039,
81,3,2,10,6,10.9,21.1,16.9,67.48,11.2,145,28.48752068,
75,3,2,11,7,20.1,22.6,21.3,46.05,3.7,160.5,20.26808667,
87,3,2,12,1,13.7,26.1,22.1,37.88,14.8,214,13.18792134,
63,3,2,13,2,10.1,26.9,18.4,61.57,7.2,80,7.454405845,
80,3,2,14,3,21.8,25.6,23.5,47.6,7.2,123.33,3.247909971,
63,3,2,15,4,16.6,27.1,23.3,43.24,3.6,146.67,0.724239823,
72,3,2,16,5,16.1,27.4,22.5,50.87,3.6,180,0.014231622,
73,3,2,17,6,16.1,28.1,23.7,46.84,9.4,87.5,1.219116635,
86,3,2,18,7,19.1,26.1,22.9,40.09,7.2,260,4.39999722,
71,3,2,19,1,12.1,25.9,19,53.99,7.2,240,9.560403559,
75,3,2,20,2,22.6,24.9,23.7,37.71,7.2,185,16.62269621,
69,3,2,21,3,22.1,25.1,23.8,31.95,13,150,25.401885,
62,3,2,22,4,14.6,27.1,21.6,53.2,7.2,233.33,35.58355155,
74,3,2,23,5,15.6,27.7,22.2,43.29,7.2,220,46.71473167,
58,3,2,24,6,16,28.1,23,42.46,10.8,90,58.21631546,
66,3,2,25,7,22.1,22.1,22.1,33.05,5.4,130,69.42170051,
81,3,2,26,1,15.9,27.9,21.3,44.02,7.2,220,79.63940562,
72,3,2,27,2,15.1,28.1,23.6,40.21,7.6,100,88.22926833,
85,3,2,28,3,27.1,28.4,27.8,24.96,18.4,303.33,94.67606744,
72,3,3,1,4,15.2,29.1,24.9,29.1,18.4,130.8,98.6438315,
68,3,3,2,5,16.6,29.1,23.7,31.32,14.8,132.5,99.99941222,
62,3,3,3,6,17.1,29.6,23.9,54.9,7.2,90,98.80303385,
92,3,3,4,7,17.2,29.4,24.1,42.27,7.2,220,95.27268438,
76,3,3,5,1,15.1,29.1,24.3,30.37,7.6,263,89.73490836,
72,3,3,6,2,10.1,29.2,20.7,40.69,10.8,163.33,82.57526293,
78,3,3,7,3,15.6,30,23.4,41.27,3.6,263.33,74.19820225,
74,3,3,8,4,16.1,29.9,24,31.51,10.8,130,65.00072446,
85,3,3,9,5,15.1,29.7,23.5,26.67,10.8,233.33,55.35914524,
76,3,3,10,6,27.1,30.6,28.8,27.94,7.2,90,45.62536467,
81,3,3,11,7,16.4,32.1,26.8,26.75,7.2,216.67,36.12827902,
72,3,3,12,1,17.1,32.9,25,33.89,7.2,210,27.17692404,
73,3,3,13,2,13.1,31.9,22.9,36.06,10.8,165,19.06346716,
59,3,3,14,3,16.6,30.3,24.4,34.49,7.2,173.33,12.0653301,
67,3,3,15,4,16.1,28.4,22.5,41.41,10.8,153.33,6.445994652,
69,3,3,16,5,17.1,29.2,23.8,30.97,10.8,146.67,2.453469538,
75,3,3,17,6,16.1,29.6,23.7,35.47,7.2,90,0.314502668,
76,3,3,18,7,26.4,26.4,26.4,20.82,7.2,300,0.222173447,
63,3,3,19,1,15.1,30.3,24,28.87,14.4,307,2.315186878,
67,3,3,20,2,13,31,22.85,51.98,8.09,233,6.649351823,
75,3,3,21,3,16.6,32.1,26.8,26.51,9.4,166.25,13.16510454,
70,3,3,22,4,18.6,31.9,27.5,26.31,7.6,187.5,21.65856224,
83,3,3,23,5,18.6,33.2,27,30.16,7.2,130,31.76589291,
70,3,3,24,6,18.1,33.6,28,26.33,9.4,139.25,42.97013983,
71,3,3,25,7,18.6,32.1,26.7,25.69,7.2,34,54.63524307,
75,3,3,26,1,17.4,32.1,25.8,31.94,10.8,226.67,66.06469027,
77,3,3,27,2,18.6,31,25.9,30.05,7.3,158,76.57452556,
59,3,3,28,3,17.1,30,23.5,43.12,7.2,205,85.56552778,
54,3,3,29,4,17.6,28.4,23.5,32.18,7.2,74,92.57942605,
50,3,3,30,5,18.6,29.1,23.9,28.09,16.6,86.67,97.3290304,
56,3,3,31,6,18.1,30.6,25.6,31.62,24.1,95,99.69993954,
70,3,4,1,7,19.7,19.7,19.7,49.03,3.6,40,99.72893451,
61,3,4,2,1,20.1,30.8,25.4,31.99,10.9,318.5,97.56877897,
67,3,4,3,2,25.1,25.1,25.1,51.98,8.09,233,93.44998493,
53,3,4,4,3,10.1,30.1,19.6,30.67,13,195,87.64780419,
75,3,4,5,4,14.1,32.1,24.7,17.65,7.2,220,80.45881681,
80,3,4,6,5,25.1,30.1,27.6,12.18,20.5,270,72.18765169,
67,3,4,7,6,14.1,14.1,14.1,35.62,0,150,63.14173697,
81,3,4,8,7,19.1,19.1,19.1,30.18,3.6,80,53.63096471,
75,3,4,9,1,18.6,18.6,18.6,30.47,8.09,90,43.96952203,
66,3,4,10,2,26.1,31.7,28.9,13.9,7.6,110,34.47820119,
80,3,4,11,3,18.6,29.7,24.5,43.32,7.2,143.33,25.48642682,
87,3,4,12,4,18.2,26.7,22.4,48.79,7.2,45,17.33339757,
90,3,4,13,5,11.1,29.2,21.4,25.99,10.8,213.33,10.36697536,
59,3,4,14,6,9,29,22.85,51.98,8.09,150,4.937693369,
62,3,4,15,7,18.9,30.3,24.9,22.57,7.2,110,1.384389221,
72,3,4,16,1,19.1,30.7,25.5,30.47,7.2,86.67,0.008528203,
64,3,4,17,2,28.4,31.2,29.8,21.62,10.8,300,1.036941751,
82,3,4,18,3,21.1,31.4,27.2,25.93,7.2,300,4.577280014,
67,3,4,19,4,20.8,32.1,27.1,22.7,9.4,166.67,10.57558637,
72,3,4,20,5,20.7,26.9,24.5,43.11,3.6,60,18.78868781,
64,3,4,21,6,21.1,21.1,21.1,46.2,5.4,310,28.78320659,
67,3,4,22,7,14.1,32.3,24.6,35.32,7.2,294,39.96706677,
64,3,4,23,1,21.6,33.2,27.9,27.36,10.8,150,51.65003651,
84,3,4,24,2,28.7,32.7,30.7,18.63,7.2,205,63.12084369,
77,3,4,25,3,21.1,33.1,28.2,16.63,11.2,310,73.72362695,
74,3,4,26,4,13.1,32.8,24,20.19,11,223,82.91780433,
87,3,4,27,5,20.8,32.6,27.4,19,13,232.5,90.31178472,
56,3,4,28,6,29.1,30.1,29.6,10.68,20.5,305,95.66920881,
67,3,4,29,7,27.9,31.2,29.5,27.54,10.8,300,98.89332066,
73,3,4,30,1,21.6,31.7,27.1,30.25,10.8,203.33,99.99870891,
56,3,5,1,2,15.1,30.1,25.2,32.48,9.4,158.5,99.07982255,
72,3,5,2,3,24.1,31.9,27.9,32.46,7.2,140,96.2833851,
67,3,5,3,4,21.4,28.7,25.9,43.79,7.1,337.33,91.78853687,
78,3,5,4,5,27.1,28.4,27.7,36.08,7.2,10,85.7954528,
62,3,5,5,6,19,29,22.85,51.98,8.09,50,78.52106517,
71,3,5,6,7,17.1,27.4,21.7,65.59,7.2,77.5,70.19962214,
71,3,5,7,1,21.7,28.9,25.9,44.41,7.2,80,61.08597837,
77,3,5,8,2,20.1,24,22,55.78,4,326,51.46027352,
94,3,5,9,3,20.1,26.4,23.2,59.07,3.6,270,41.63335607,
87,3,5,10,4,28.1,29.4,28.7,32.94,7.6,340,31.9523285,
67,3,5,11,5,19.4,28.9,24.1,52.35,7.2,270,22.80459746,
62,3,5,12,6,21.1,21.1,21.1,73.12,9.4,10,14.61703575,
79,3,5,13,7,21.7,31.3,26.9,49.39,6.7,140,7.845183981,
84,3,5,14,1,19.5,29.7,25,52.95,13,85.5,2.9472132,
63,3,5,15,2,16,31,22.85,51.98,8.09,100,0.33996283,
77,3,5,16,3,23.1,32.3,28.1,39.6,11.2,223.25,0.340167162,
68,3,5,17,4,23.9,31.1,27.5,35.51,11.2,325,3.101596067,
87,3,5,18,5,21.4,32,26.7,34.1,11.4,319.5,8.564936488,
70,3,5,19,6,22.9,31.1,27,25.52,25.9,295,16.43788449,
65,3,5,20,7,21.5,30.9,26.3,15.17,7.2,317.67,26.21605657,
76,3,5,21,1,13.1,30.9,21.9,42.26,7.2,175,37.24287211,
88,3,5,22,2,21.2,32.1,27.3,25.42,7.2,236.67,48.79395741,
74,3,5,23,3,22.7,32.1,27.4,28.28,9.4,170,60.16473361,
78,3,5,24,4,23.7,30.2,26.9,37.69,3.6,230,70.74134346,
62,3,5,25,5,20.1,34.1,25.5,42.49,7.2,300,80.04314547,
67,3,5,26,6,20.1,33.1,25.5,37.74,11.2,50,87.73514061,
66,3,5,27,7,23.6,36.6,30.1,40.35,7.2,206.67,93.61663838,
70,3,5,28,1,19.1,25.1,22.7,64.65,7.6,140,97.59617085,
63,3,5,29,2,22.3,34.6,28,48.42,7.4,271.5,99.66241208,
58,3,5,30,3,23.4,26.1,24.7,54.68,7.2,10,99.85821521,
75,3,5,31,4,22.9,22.9,22.9,70.26,3.6,310,98.26152817,
77,3,6,1,5,23.7,23.7,23.7,72.2,3.6,70,94.97407093,
65,3,6,2,6,23.4,23.4,23.4,58.11,3.6,20,90.11680958,
74,3,6,3,7,22.9,33.1,28.5,28.15,7.2,86.67,83.83053082,
70,3,6,4,1,22.9,34.1,28.5,31.37,3.6,100,76.2799896,
66,3,6,5,2,22.4,32.1,27.5,48.17,7.2,216.67,67.66076118,
75,3,6,6,3,23.7,30.1,26.9,45.97,7.6,275,58.2085315,
68,3,6,7,4,22.4,32.1,27.2,46.29,5.4,265,48.21052652,
73,3,6,8,5,21.4,31.7,26.5,51.74,7.2,165,38.01767785,
74,3,6,9,6,21.4,21.4,21.4,71.79,3.6,320,28.05392734,
65,3,6,10,7,20.4,29.1,24.5,62.57,7.2,216.67,18.81643882,
77,3,6,11,1,27.7,27.7,27.7,48.61,3.6,180,10.85885062,
58,3,6,12,2,20.4,26.9,24.5,58.83,11.2,145,4.75099034,
71,3,6,13,3,19.7,26.1,22.9,65.03,13,130,1.014139452,
74,3,6,14,4,20.7,20.7,20.7,76.39,3.6,350,0.040511235,
91,3,6,15,5,19.1,29.1,24.1,53.31,18.4,290,2.01566031,
63,3,6,16,6,20.4,22.1,21.2,64.84,7.2,300,6.867486354,
61,3,6,17,7,19.1,27.7,23.2,62.97,7.6,245,14.2607969,
71,3,6,18,1,19.9,28.7,25.2,48.52,22.3,287.5,23.64238577,
87,3,6,19,2,17.2,23.6,20.3,76.91,7.2,280,34.32443674,
76,3,6,20,3,17.4,20.1,18.7,78.08,9.4,280,45.58224137,
57,3,6,21,4,20.4,28.1,24.2,62.07,13,265,56.7409221,
78,3,6,22,5,18.1,23.9,20.8,74.74,3.6,180,67.23404359,
69,3,6,23,6,16.1,27.1,22.1,68.72,13,186.67,76.62912344,
70,3,6,24,7,16.6,25.6,21.5,72.56,7.2,280.33,84.62524666,
73,3,6,25,1,19.9,27.9,23.9,61.93,10.8,253.5,91.03316574,
72,3,6,26,2,17.1,23.1,21.3,69.5,7.6,73.33,95.7485517,
83,3,6,27,3,18.1,18.1,18.1,88.1,0,95,98.72636703,
73,3,6,28,4,17,17.8,22.85,51.98,8.09,40,99.96076236,
82,3,6,29,5,16.1,16.1,16.1,93.79,0,95,99.47187197,
59,3,6,30,6,20.1,27.1,23.6,54.43,7.6,95,97.29900552,
67,3,7,1,7,20.5,21.1,20.8,75.24,9.4,40,93.49903239,
69,3,7,2,1,19.1,28.3,22.2,70.31,4,218.5,88.14894886,
84,3,7,3,2,20.7,27.1,24.4,62.29,6.7,229.67,81.35227625,
71,3,7,4,3,19.4,19.4,19.4,76.19,3.6,200,73.24955169,
90,3,7,5,4,19.4,19.4,19.4,80.2,3.6,140,64.03320699,
82,3,7,6,5,20.7,28.1,23.5,50.35,18.4,70,53.96612025,
75,3,7,7,6,20.8,24.1,22.4,59.34,11.2,80,43.40085773,
79,3,7,8,7,25.1,26.5,25.8,48.27,13,175,32.79342827,
73,3,7,9,1,17.1,23.1,19.5,83.16,7.2,104.5,22.70240571,
77,3,7,10,2,19.9,27.1,23.9,57.03,11.2,105,13.7635542,
85,3,7,11,3,19.2,25.1,23.1,57.47,5.4,205,6.633857032,
67,3,7,12,4,19.1,21.1,20.1,73.58,7.6,90.5,1.908033775,
88,3,7,13,5,14.1,27.6,21,68.54,13,72.5,0.023052219,
69,3,7,14,6,21.2,26.1,23.6,57.03,13,40,1.176096494,
93,3,7,15,7,16.1,24.4,20.2,81.24,3.6,35,5.282275754,
92,3,7,16,1,18.4,25.7,22,68,3.6,75,11.98721753,
81,3,7,17,2,17.1,26.6,22.3,59.78,11.2,82,20.73084884,
91,3,7,18,3,15.1,18.1,16.4,94.41,3.6,30,30.84154897,
74,3,7,19,4,15.1,20.4,17.7,86.33,3.4,210,41.63276781,
76,3,7,20,5,20.8,29.2,24,62.05,9.4,236.67,52.47899086,
91,3,7,21,6,17.1,18.1,17.6,87.61,7.6,260,62.85989042,
73,3,7,22,7,20.7,29.5,25.5,54.08,7.2,84,72.37367967,
79,3,7,23,1,22.1,30.3,26.2,57.24,3.6,140,80.72831699,
76,3,7,24,2,23.2,30.9,27.3,54.62,7.2,276.67,87.7212839,
88,3,7,25,3,18.1,20.4,19.2,74.54,3.6,360,93.21680587,
99,3,7,26,4,22.9,23.1,23,64.07,37.1,290,97.12596053,
79,3,7,27,5,20.7,28.9,24.8,57.14,3.6,155,99.39192411,
87,3,7,28,6,18.7,28.1,23.4,62.51,11.2,25,99.98052714,
80,3,7,29,7,14.1,28.3,21.9,65.16,7.6,220,98.8754661,
59,3,7,30,1,21.4,29.6,25.5,61.69,3.6,185,96.07766381,
77,3,7,31,2,20.8,28.5,25.9,55.08,7.2,172,91.60892297,
87,3,8,1,3,19.1,19.1,19.1,91.6,3.6,80,85.52065586,
82,3,8,2,4,20.7,27.1,23.9,55.71,14.8,100,77.90859463,
73,3,8,3,5,19.1,28.4,23.4,56.06,9.4,156.67,68.93354757,
74,3,8,4,6,20.4,24.1,22.2,57.81,11.2,105,58.84619223,
74,3,8,5,7,19.7,26.6,23.3,54.85,3.6,53.33,48.01069276,
93,3,8,6,1,20.2,26.9,23.4,60.06,9.4,93.33,36.91838542,
71,3,8,7,2,19.4,26.1,23,62.78,3.6,133.33,26.18058101,
70,3,8,8,3,17.1,20.2,18.6,85.98,3.6,30,16.49098416,
79,3,8,9,4,17.4,22.1,19.8,75.19,3.6,220,8.555092319,
85,3,8,10,5,17.7,27.4,22.5,73.36,3.6,275,2.99560275,
74,3,8,11,6,18.4,18.4,18.4,95.7,3.6,130,0.255098877,
77,3,8,12,7,20.7,27.1,24.4,59.21,3.8,193.67,0.523430303,
78,3,8,13,1,23.1,25.7,24.4,61.4,13,95,3.712144713,
79,3,8,14,2,18.9,18.9,18.9,85.42,3.6,190,9.482902932,
72,3,8,15,3,18.1,24.1,20.7,70.1,5.4,240,17.31832353,
99,3,8,16,4,17.9,17.9,17.9,100,3.6,320,26.61138115,
87,3,8,17,5,19.9,28.2,24,59.54,3.6,175,36.74832464,
74,3,8,18,6,16.1,19.9,18,80.42,5.4,170,47.16833413,
73,3,8,19,7,21.4,28.1,24.8,62.11,5.4,77.5,57.39480289,
62,3,8,20,1,20.8,28.7,24.8,65.74,3.6,245,67.04248753,
72,3,8,21,2,16.1,25.1,21,76.74,14.8,142.5,75.80919374,
78,3,8,22,3,19.4,20.1,19.7,76.57,7.6,50,83.46062394,
73,3,8,23,4,19.4,19.4,19.4,79.18,3.6,70,89.8145048,
84,3,8,24,5,19.4,26.9,23.1,62.91,9.4,116.67,94.72713743,
78,3,8,25,6,25.1,27.1,26.1,46.25,0,98,98.08332243,
80,3,8,26,7,15.1,26.5,22.1,68.34,7.2,98.5,99.78962792,
64,3,8,27,1,19.9,26.9,22.7,64.99,9.4,95,99.7710237,
85,3,8,28,2,18.1,27,23.2,68.56,3.6,113.33,97.97152701,
66,3,8,29,3,17.7,17.7,17.7,99.37,3.6,330,94.36014155,
73,3,8,30,4,18.9,26.1,22.5,73.23,9.4,95,88.94350919,
77,3,8,31,5,17.1,25.1,20.1,76.62,13,173,81.78592876,
71,3,9,1,6,19.1,19.1,19.1,92.1,3.4,50,73.0354894,
63,3,9,2,7,19.7,26.4,23.4,67.21,7.2,300,62.95208478,
90,3,9,3,1,21.4,27.9,25.2,60.93,9.4,102.5,51.92961321,
81,3,9,4,2,18.8,27.6,23,68,3.7,175.33,40.50204835,
90,3,9,5,3,16.1,27.6,22.1,67.74,7.6,90,29.32319903,
63,3,9,6,4,20.2,25.2,23.3,71.52,3.6,196.67,19.11459263,
79,3,9,7,5,19.6,27.6,23.8,64.63,7.1,105.33,10.58516165,
61,3,9,8,6,18.4,26.4,23.1,67.92,7.2,153.33,4.337628563,
82,3,9,9,7,19.2,27.1,24,62.32,10.8,272.5,0.784523781,
73,3,9,10,1,20.4,25.7,23,68.5,3.6,250,0.096601862,
65,3,9,11,2,19.9,25.7,23.2,72.42,3.6,126.67,2.196734811,
65,3,9,12,3,17.1,26.4,22.1,72.96,7.6,116.67,6.797250759,
81,3,9,13,4,20.1,25.1,22.7,76.61,7.6,116.67,13.46542599,
82,3,9,14,5,19.1,27.1,23.3,66.93,14.8,96,21.69623373,
85,3,9,15,6,18.1,18.7,18.4,93.02,3.6,330,30.9745145,
77,3,9,16,7,18.9,22.9,20.4,85.95,3.6,165,40.81703283,
75,3,9,17,1,18,23,22.85,51.98,8.09,165,50.79357129,
72,3,9,18,2,18.4,24.6,22.2,72.75,14.8,165,60.53190522,
71,3,9,19,3,19.1,27.2,23.5,66.04,3.6,146.67,69.71333203,
83,3,9,20,4,18.2,25.1,21.6,78.93,3.6,300,78.06440344,
68,3,9,21,5,20.4,28.9,24.3,67.64,3.6,96.67,85.34830357,
70,3,9,22,6,20.8,29.1,25.1,65.22,3.6,100,91.35734256,
94,3,9,23,7,18.4,26.7,23.9,64.43,13,117.5,95.90703375,
72,3,9,24,1,24.1,27.1,25.6,51.65,3.6,50,98.83225205,
70,3,9,25,2,19.9,27.1,24.4,61.72,11.2,35,99.98662415,
77,3,9,26,3,19.6,25.4,22.8,69.84,7.6,180,99.24697187,
80,3,9,27,4,19.2,26.6,23.3,67.43,7.6,266.67,96.52474103,
76,3,9,28,5,18.7,26.4,22.4,69.83,7.6,135,91.78548747,
73,3,9,29,6,18.5,23.7,21.7,76.66,3.6,255,85.07549821,
62,3,9,30,7,19.1,26.7,23.2,67.38,3.6,173.33,76.55168024,
84,3,10,1,1,18.1,26.7,23,64.27,7.6,160,66.50760221,
68,3,10,2,2,19.1,27.1,23.6,59.95,7.2,133.67,55.38620954,
89,3,10,3,3,16.1,25.1,20.8,64.85,7.6,75,43.76977947,
69,3,10,4,4,19.9,26.4,23.6,62.02,7.2,100,32.34138721,
81,3,10,5,5,18.7,27.1,22.9,60.46,14.8,136,21.81952217,
64,3,10,6,6,19.9,24.6,22.9,71.73,3.6,180,12.87653404,
63,3,10,7,7,22.1,25.1,23.8,58,3.6,230,6.058602602,
83,3,10,8,1,15.1,25.4,19.7,75.61,7.2,276.67,1.726211586,
54,3,10,9,2,17.6,25.2,22,59.11,10.8,290,0.028313989,
81,3,10,10,3,16.6,25.7,22,60.89,3.6,73.33,0.912752757,
74,3,10,11,4,17.7,27.1,22.9,63.94,7.2,240,4.164808308,
85,3,10,12,5,20.1,24.2,22.1,73.15,3.8,330.5,9.459453911,
60,3,10,13,6,19.2,27.1,22.7,67.7,7.2,126.67,16.41275226,
84,3,10,14,7,23.1,25.4,24.2,65.69,7.2,320,24.62242008,
71,3,10,15,1,18.4,24.6,22.4,75.94,3.6,86.67,33.69385126,
70,3,10,16,2,18.9,25.1,21.6,75.14,7.6,87.5,43.2530208,
79,3,10,17,3,19.6,27.9,24.6,59.87,9.4,167.5,52.95030169,
89,3,10,18,4,18.9,26.1,23,57.74,25.9,93.33,62.45940462,
70,3,10,19,5,19.1,19.1,19.1,75.16,3.6,30,71.47439248,
61,3,10,20,6,19.4,26.6,23.2,59.38,7.2,70,79.70622993,
90,3,10,21,7,18.1,23.9,21,70.35,3.6,110,86.87949118,
92,3,10,22,1,17.6,22.6,20.1,77.65,7.2,125,92.72997389,
67,3,10,23,2,19.1,22.4,21.3,71.81,7.2,133.33,97.00478664,
69,3,10,24,3,18.9,22.7,20.8,75.03,3.6,270,99.46734808,
68,3,10,25,4,18.9,25.9,22.3,68.77,7.2,116.67,99.90992834,
59,3,10,26,5,19.2,26.1,22.6,63.77,3.6,260,98.17533483,
58,3,10,27,6,18.9,27.6,23,67.2,3.6,103.33,94.18694098,
62,3,10,28,7,18.4,26.4,23.1,56.1,7.6,72.5,87.98285368,
79,3,10,29,1,18.1,25.9,22.4,54.38,14.8,122,79.74656111,
63,3,10,30,2,18.6,27.1,22.8,56.91,3.6,215,69.82429172,
86,3,10,31,3,18.2,25.4,22.3,65.75,10.8,213.33,58.71996176,
82,3,11,1,4,18.9,24.1,21.9,63,16.6,256,47.06274239,
72,3,11,2,5,17.6,23.1,21.4,60.88,7.6,175,35.54932014,
71,3,11,3,6,17.1,22.6,19.8,75.79,7.2,160,24.87066508,
97,3,11,4,7,14.6,19.1,17,81.01,16.6,113.86,15.63848132,
77,3,11,5,1,16.7,23.1,20.6,65.94,27.7,137.5,8.32700965,
65,3,11,6,2,16.6,26.4,22.2,61.79,3.6,133.33,3.241051223,
84,3,11,7,3,16.6,27.6,22.7,60.3,7.1,184.5,0.512996015,
61,3,11,8,4,18.7,27.6,23.6,58.36,7.2,226.67,0.123663029,
73,3,11,9,5,17.2,27.7,22.9,51.38,3.6,133.33,1.936837045,
76,3,11,10,6,19.1,26.1,23.7,50.11,3.6,170,5.736661075,
63,3,11,11,7,17.7,26.4,22.8,52.61,7.2,226,11.25971387,
79,3,11,12,1,12.1,23.1,19.6,65.67,16.6,287.5,18.21778675,
72,3,11,13,2,15.6,24.4,20.9,50.7,7.2,96.67,26.31120968,
67,3,11,14,3,9.9,19.2,13.9,50,20.5,82.5,35.23492496,
74,3,11,15,4,11.8,22.6,17.3,52.63,3.6,126.67,44.68013104,
69,3,11,16,5,12.1,12.1,12.1,72.96,3.6,60,54.33369028,
68,3,11,17,6,13,15,12.1,72.96,3.6,60,63.87645146,
90,3,11,18,7,12,17,12.1,72.96,3.6,60,72.98100147,
67,3,11,19,1,13,20,12.1,72.96,3.6,60,81.30961023,
77,3,11,20,2,12,23,12.1,72.96,3.6,60,88.51420051,
93,3,11,21,3,13,25,12.1,72.96,3.6,60,94.241461,
89,3,11,22,4,14,27,12.1,72.96,3.6,60,98.14681362,
85,3,11,23,5,15.7,27.7,22.6,45.51,7.2,176.67,99.91998116,
85,3,11,24,6,15.6,27.1,22.8,41.98,10.8,285,99.32198763,
74,3,11,25,7,13.1,26.1,22.2,34.87,20.5,268.2,96.22899588,
108,3,11,26,1,14.7,22.7,18.7,49.95,3.6,45,90.67382692,
83,3,11,27,2,14.1,23.4,19.8,55.46,3.6,40,82.87332306,
90,3,11,28,3,14.4,16.4,15.5,93.07,7.2,150,73.23073706,
72,3,11,29,4,12.9,17.7,15.5,79.4,7.6,72.5,62.30763854,
75,3,11,30,5,12.1,22.4,17.9,67.17,3.6,70,50.7680926,
72,3,12,1,6,12.9,22.6,17.5,70.53,3.6,95,39.30608065,
67,3,12,2,7,11.7,23.1,17.8,71.84,3.6,260,28.57195247,
70,3,12,3,1,9.7,24.4,19.5,55,3.6,40,19.11315531,
92,3,12,4,2,13.9,25.9,19.9,68.63,7.2,230,11.33905497,
76,3,12,5,3,15.1,25.2,21,60.88,3.6,255,5.51191111,
91,3,12,6,4,16.9,24.1,21.3,61.08,13,167.5,1.759168376,
102,3,12,7,5,15.9,24.1,21.4,64.59,11.2,315,0.098363786,
83,3,12,8,6,14.1,24.1,18.7,71.96,13,290,0.465602341,
100,3,12,9,7,16.1,24.1,21.2,54.95,3.6,260,2.740770912,
127,3,12,10,1,13.9,23.4,19.1,54.27,7.2,143.33,6.765927819,
103,3,12,11,2,12.9,23.9,18.9,61.18,3.6,126.67,12.35628393,
100,3,12,12,3,14.2,22.1,19.7,61.05,20.5,222.5,19.30509631,
96,3,12,13,4,14.1,21.5,18.7,60.34,29.5,299.67,27.38443325,
75,3,12,14,5,11.6,16.9,14.2,39.51,7.2,65,36.34341612,
65,3,12,15,6,5.6,15.4,10,33.36,7.6,55,45.90477816,
77,3,12,16,7,21.4,22.1,21.7,28.47,9.4,270,55.76008496,
81,3,12,17,1,8.4,24.1,17.6,58.31,3.6,243.33,65.56427349,
84,3,12,18,2,12.4,23.1,18.9,59.59,14.8,160,74.93142837,
92,3,12,19,3,10.9,22.6,18.3,49.03,18.4,157.5,83.43550684,
84,3,12,20,4,6.2,23.1,17.1,38.25,22.3,140,90.62108393,
102,3,12,21,5,8.2,22.1,15.9,26.96,3.6,196.67,96.02889025,
84,3,12,22,6,5.4,23.6,17.6,33.91,3.6,170,99.23801555,
85,3,12,23,7,6.9,19.4,13.1,54.4,3.6,210,99.92119987,
83,3,12,24,1,9.2,20.4,16.1,38.9,7.6,143.33,97.90315559,
52,3,12,25,2,10.4,24.1,18.2,50.66,5.4,226.67,93.20714308,
60,3,12,26,3,13.1,25.1,21.8,44.42,38.9,245,86.07492929,
71,3,12,27,4,9.2,20.5,16.8,60.47,16.6,224.33,76.95103662,
79,3,12,28,5,8.6,20.8,16.2,62.65,7.6,215,66.43228282,
71,3,12,29,6,10.1,22.1,17.8,52.61,16.6,306.67,55.19404087,
65,3,12,30,7,13.2,21.2,16.4,51.91,27.7,310,43.91098201,
70,3,12,31,1,11.2,18.1,14.4,65.66,5.4,305,33.18985441,
54,5,1,1,2,16.6,21.1,18.8,44.83,13,360,23.52585589,
67,5,1,2,3,9.7,22.9,16.6,67.82,3.6,185,15.28561754,
86,5,1,3,4,11.7,24.1,19,54.55,7.2,266.67,8.712399582,
77,5,1,4,5,12.1,24.9,19.1,56.34,3.6,120,3.94507466,
85,5,1,5,6,11.9,25.9,19.9,57.44,3.6,125,1.042094604,
89,5,1,6,7,12.1,23,17.5,67.76,6.7,295,0.003743958,
78,5,1,7,1,11.1,26.7,19.7,56.76,3.6,210,0.789001933,
76,5,1,8,2,23.4,27.1,25.2,22.27,3.6,150,3.326022083,
80,5,1,9,3,8.2,18.7,13.4,50.2,7.2,75,7.516945094,
92,5,1,10,4,10.9,23.6,19.2,48.74,16.6,265,13.23836579,
73,5,1,11,5,14.9,23.2,19.6,68.28,7.2,260,20.33853092,
73,5,1,12,6,12.4,23.7,18.5,68.83,3.6,256.67,28.63172577,
70,5,1,13,7,21.6,25.2,23.4,46.46,3.6,110,37.88989221,
86,5,1,14,1,12.2,24.2,18.6,65.34,7.2,116.67,47.83183894,
74,5,1,15,2,14.4,21.4,17.6,78.25,3.6,203.33,58.11173894,
67,5,1,16,3,13.2,23.7,19.2,66.5,3.6,205,68.31078202,
69,5,1,17,4,14.1,19.7,16.9,75.4,3.6,140,77.93806307,
62,5,1,18,5,12.9,21.7,18.6,66.92,3.6,100,86.44768067,
69,5,1,19,6,11.7,26.1,21.1,44.01,7.6,243.33,93.27711558,
69,5,1,20,7,12.9,23.1,18,46.1,7.2,95,97.90652706,
76,5,1,21,1,9.6,25.6,20.5,42.76,9.4,197.5,99.93063334,
75,5,1,22,2,12.1,25.1,20.2,55.31,10.8,235,99.12732921,
66,5,1,23,3,13.7,26.1,21.6,47.51,10.8,306.67,95.50409567,
70,5,1,24,4,10.7,25.1,19,50.01,7.2,170,89.30726119,
73,5,1,25,5,12.6,25.7,19.6,50.71,7.2,130,80.98965079,
64,5,1,26,6,14.4,24.2,20.6,43.19,10.8,290,71.14493503,
72,5,1,27,7,10.6,23.2,17.4,29.15,7.2,56.67,60.42647164,
78,5,1,28,1,7.1,23.9,16.7,39.31,7.2,185,49.47077027,
61,5,1,29,2,9.2,24.4,17.9,44.68,3.6,330,38.84082995,
75,5,1,30,3,8.9,25.1,20,33.06,22.3,253.33,28.99575221,
65,5,1,31,4,11.6,23.2,17.8,51.66,3.6,160,20.28450252,
79,5,2,1,5,10.4,25.1,18.6,53.77,10.8,185,12.95643626,
68,5,2,2,6,13.6,26.1,21.9,33.96,14.8,137.5,7.179905583,
78,5,2,3,7,21.7,26.4,24,27.25,7.2,185,3.061854233,
78,5,2,4,1,12,27.1,22.1,34.3,3.6,170,0.664111416,
65,5,2,5,2,13.7,28.6,21.6,43.03,3.6,143.33,0.014726127,
80,5,2,6,3,13.1,29.4,24,40.02,20.5,156.67,1.114392855,
81,5,2,7,4,12.7,27.9,21,46.62,3.6,80,3.938654432,
77,5,2,8,5,14.1,27.6,21.2,47.36,7.2,135,8.436371875,
61,5,2,9,6,15.2,25.6,21.1,50.71,3.6,86.67,14.52438441,
78,5,2,10,7,22.6,26.2,24.4,41.91,7.2,240,22.07788729,
71,5,2,11,1,16.2,26.1,22.8,39.8,18.4,253.33,30.91633921,
79,5,2,12,2,14.4,26.2,20.9,50.56,3.6,156.67,40.78601708,
62,5,2,13,3,14.9,26.6,21.2,48.71,7.2,143.33,51.34265551,
75,5,2,14,4,9.1,28.1,20.6,50.3,24.1,266.67,62.14038074,
68,5,2,15,5,15.1,29.4,22.9,50.39,3.6,155,72.63514715,
75,5,2,16,6,16.4,31.7,24.4,46.6,7.2,145,82.21044482,
76,5,2,17,7,15.1,28.1,22.9,46.08,10.8,286.67,90.22882646,
81,5,2,18,1,15.7,30,23.6,43.42,7.2,195,96.10492304,
51,5,2,19,2,14.9,27.7,22.1,42.14,10.8,176.67,99.38647613,
67,5,2,20,3,15.1,28.1,23.8,34.35,18.4,223.33,99.82367432,
78,5,2,21,4,13.7,26.9,21.4,35.94,14.4,243.33,97.40758953,
84,5,2,22,5,15.6,26.1,20.9,49.54,7.2,293.33,92.36672049,
69,5,2,23,6,15.7,25.1,20.7,58.13,7.2,190,85.12350302,
62,5,2,24,7,13.6,29.4,22.5,46.44,3.6,220,76.22450484,
71,5,2,25,1,16.9,28.2,23.8,39.04,7.2,236.67,66.26388332,
77,5,2,26,2,17.2,29.4,24.6,36.2,10.8,300,55.81789844,
62,5,2,27,3,18.4,31.1,26.5,28.2,14.8,230,45.40098684,
73,5,2,28,4,10.1,31.7,21,43.93,7.2,180,35.44522713,
96,5,3,1,5,16.2,30.9,26.6,25.18,24.1,287.5,26.29853099,
79,5,3,2,6,17.6,31.1,24.8,39.41,7.2,170,18.23411015,
61,5,3,3,7,15.2,32.1,26.2,24.38,20.5,297.5,11.4642308,
73,5,3,4,1,16.4,32.3,25.3,40.32,11.4,289,6.153482643,
82,5,3,5,2,18.2,32.2,26.1,34.78,3.6,76.67,2.429249215,
59,5,3,6,3,18.4,30.9,25.2,33.12,3.6,163.33,0.388800016,
63,5,3,7,4,17.6,30.9,25.5,28.34,10.8,243.33,0.103110092,
61,5,3,8,5,17.6,31.1,26.9,24.73,18.4,306.67,1.617329146,
61,5,3,9,6,17.4,31.7,26.9,22.84,14.8,276.67,4.94723601,
54,5,3,10,7,26.6,31.6,29.1,15.15,7.2,260,10.0705896,
71,5,3,11,1,17.2,33.4,25.4,32.54,3.6,220,16.91254032,
75,5,3,12,2,18.7,29.9,25.8,38.31,13,257.5,25.32554632,
71,5,3,13,3,18.1,28.1,25.4,37.13,24.1,245,35.06659166,
61,5,3,14,4,18.7,30.3,26,34.12,9.4,205,45.77749053,
66,5,3,15,5,18.4,30.6,25.4,35.46,7.2,176.67,56.97662148,
60,5,3,16,6,16.4,27.5,23,42.5,8.4,188.5,68.07099827,
56,5,3,17,7,18.5,27.9,23.4,47.25,7.2,213.33,78.3946661,
62,5,3,18,1,18.1,28.4,23.9,42.28,10.8,190,87.27265304,
63,5,3,19,2,16.2,28.9,23.1,37.19,7.2,203.33,94.10078166,
71,5,3,20,3,16.9,27.9,23.1,33.35,10.8,226.67,98.4241427,
62,5,3,21,4,17.6,29.6,24.6,33.79,11.2,122.5,99.99485284,
74,5,3,22,5,17.6,28.6,22.8,37.85,10.8,173.33,98.79471678,
68,5,3,23,6,17.4,28.1,24.3,31.02,20.5,225,95.01893522,
54,5,3,24,7,18.7,29.9,24.3,39.37,7.2,155,89.02855354,
66,5,3,25,1,18.7,32.1,26.4,31.04,7.2,173.33,81.28708865,
53,5,3,26,2,19.9,31.7,26.2,22.68,7.2,193.33,72.29810958,
74,5,3,27,3,18.9,29.1,24.3,34.06,3.6,160,62.55616009,
61,5,3,28,4,20.7,30.7,26.3,28.31,7.2,200,52.51629408,
69,5,3,29,5,19.1,31.9,28.5,16.47,25.9,266,42.58098565,
65,5,3,30,6,28.6,32.2,30.4,8.94,10.8,205,33.09935013,
68,5,3,31,7,19.4,31.6,25.9,19.7,7.2,136.67,24.37280351,
55,5,4,1,1,27.7,30.2,28.9,15.11,10.8,300,16.66256863,
65,5,4,2,2,19.9,29.4,25.6,27.05,14.8,157.5,10.19644944,
71,5,4,3,3,19.4,29.6,26,24.76,9.4,150,5.173919665,
56,5,4,4,4,28.9,28.9,28.9,18.64,10.8,320,1.76925562,
82,5,4,5,5,20.2,28.9,25.4,28.44,7.2,230,0.132214257,
53,5,4,6,6,18.1,30,26.2,19.78,29.5,222.5,0.385071555,
61,5,4,7,7,16.9,30.3,26.2,22.43,9.4,197.5,2.614325193,
77,5,4,8,1,19.1,29.2,25.9,22.99,13,243.33,6.85561952,
57,5,4,9,2,19.4,19.4,19.4,37.69,3.6,40,13.07184074,
72,5,4,10,3,19.6,31.1,26.4,21.8,7.2,306.67,21.12686021,
57,5,4,11,4,20.4,29.9,25.9,19.23,10.8,310,30.76056889,
59,5,4,12,5,19.6,29.2,24.9,21.32,10.8,170,41.57355747,
70,5,4,13,6,17.1,28.6,23.7,22.05,10.8,300,53.03055467,
66,5,4,14,7,15.9,29.6,23.7,23.78,3.6,73.33,64.48921444,
63,5,4,15,1,19.1,32.4,26.3,28.95,7.2,113.33,75.2547902,
50,5,4,16,2,20.1,33.6,27.8,28.74,10.8,173.33,84.65316739,
57,5,4,17,3,20.5,32.4,29,17.61,20.5,218,92.10772027,
50,5,4,18,4,16.1,32.2,26.1,24.72,10.8,177.5,97.2027853,
61,5,4,19,5,20.2,29.9,25.5,24.12,16.6,74,99.7198139,
47,5,4,20,6,20.2,32.1,26.4,27.88,7.2,143.33,99.6403527,
55,5,4,21,7,21.1,32.1,27.7,23.74,14.8,303.33,97.11954071,
56,5,4,22,1,21.1,30.2,25.6,23.15,7.2,300,92.44102236,
53,5,4,23,2,21.7,31.1,27.9,17.46,14.8,296.67,85.96672515,
66,5,4,24,3,19.9,27.1,23.5,25.3,7.2,285,78.09282945,
51,5,4,25,4,20.8,29.1,25.2,20.19,7.2,323.33,69.21830985,
59,5,4,26,5,21.2,31.7,27.1,25.08,3.6,190,59.72710998,
51,5,4,27,6,22.1,31.4,27.6,26.21,7.2,176.67,49.98121771,
60,5,4,28,7,20.4,28.9,24.6,32.69,3.6,160,40.32038351,
63,5,4,29,1,22.1,32.4,28.3,29.81,10.8,335,31.06464762,
59,5,4,30,2,22.1,34.6,29.7,22.45,14.8,225,22.51726028,
53,5,5,1,3,23.4,34.4,30.1,22.43,7.2,140,14.96694813,
63,5,5,2,4,23.2,34.4,29.4,17.4,7.2,290,8.689081183,
75,5,5,3,5,23.7,32.7,28.8,16.91,10.8,306.67,3.944963697,
63,5,5,4,6,23.2,31.6,27.8,21.96,10.8,283.33,0.977589979,
50,5,5,5,7,22.6,32.4,28.3,22.24,10.8,263.33,0.001501992,
75,5,5,6,1,20.1,29.1,24.6,25.19,10.8,193.33,1.184628197,
71,5,5,7,2,11.1,30,22.6,17.79,14.8,289.33,4.621674571,
73,5,5,8,3,21.1,32.4,28.3,11.09,35.3,220,10.30174269,
60,5,5,9,4,19.6,32.2,28,17.92,9.4,290,18.07661342,
54,5,5,10,5,21.2,31.6,28,21.91,9.4,305,27.63911504,
53,5,5,11,6,22.1,33.1,28.9,15.87,18.4,322.5,38.52146517,
59,5,5,12,7,19.1,30.9,25.1,24.33,11.2,300,50.12024973,
72,5,5,13,1,21.4,33.1,28.2,17.19,7.2,246.67,61.74804805,
81,5,5,14,2,22.6,34.4,29.3,20.04,10.8,176.67,72.70370778,
68,5,5,15,3,21.2,33.4,28.1,22.37,7.2,95,82.34709181,
76,5,5,16,4,18,34,28.1,22.37,7.2,95,90.16245609,
59,5,5,17,5,20,33,28.1,22.37,7.2,95,95.79820983,
54,5,5,18,6,22,29,28.1,22.37,7.2,95,99.07805678,
49,5,5,19,7,22.6,33,28.1,22.37,7.2,95,99.98641642,
67,5,5,20,1,30.9,33.1,32,12.9,10.8,305,98.63674063,
71,5,5,21,2,23.9,33.2,29.9,15.41,20.5,297.5,95.2334002,
60,5,5,22,3,22.2,33.4,27.6,14.65,9.4,290,90.03640201,
58,5,5,23,4,23.4,33.6,28.9,15.11,7.2,306.67,83.33465118,
49,5,5,24,5,23.6,29.2,26.4,26.64,7.2,150,75.4294758,
57,5,5,25,6,23.2,33.1,29.5,26.56,13,117.5,66.62702613,
54,5,5,26,7,22.9,31.6,27.4,37.99,7.2,316.67,57.23661061,
56,5,5,27,1,24.1,28.2,26.1,48.21,7.2,290,47.5719997,
64,5,5,28,2,22.4,28.4,25.4,43.99,7.2,285,37.95364631,
59,5,5,29,3,23.2,32.4,27.9,34.79,10.8,316.67,28.71082004,
60,5,5,30,4,20.8,34.1,28.2,38.74,10.8,320,20.18309689,
68,5,5,31,5,24.1,33.6,30.1,35.79,16.6,142.5,12.72014781,
57,5,6,1,6,22.4,31.6,27.4,47.21,3.6,123.33,6.677569966,
56,5,6,2,7,23.4,32.6,28.4,41.23,3.6,206.67,2.405382932,
68,5,6,3,1,20.2,31.7,26.1,61.09,7.2,270,0.225820128,
63,5,6,4,2,21.1,27.6,24.3,63.23,3.6,115,0.399043006,
51,5,6,5,3,23.9,27.1,26,55.31,10.8,250,3.079532567,
62,5,6,6,4,21.1,28.1,24.6,57.93,7.2,335,8.271152949,
65,5,6,7,5,24.2,31.2,27.7,46.4,3.6,105,15.79307318,
44,5,6,8,6,23.9,30.3,27.4,48.2,3.6,226.67,25.26932931,
57,5,6,9,7,23.2,34.1,28.2,48.32,7.6,267.5,36.15031074,
54,5,6,10,1,24.1,34.9,30.2,21.85,10.8,110,47.76572096,
47,5,6,11,2,21.1,31.2,26.5,39.76,20.5,55,59.39889288,
54,5,6,12,3,24.1,32.1,28.4,43.21,10.8,183.33,70.36589123,
56,5,6,13,4,23.6,30.2,27.8,42.28,7.2,133.33,80.08229821,
50,5,6,14,5,22.7,33.2,28.1,42.82,7.2,180,88.10573217,
48,5,6,15,6,23.1,31.7,27.4,47.08,7.2,256.67,94.15027957,
56,5,6,16,7,22.9,29.4,26.1,53.67,3.6,185,98.07667772,
71,5,6,17,1,21.7,31.7,27.1,51.65,7.2,216.67,99.8668278,
67,5,6,18,2,22,30,27.1,51.65,7.2,216.67,99.59235836,
61,5,6,19,3,24,31,27.1,51.65,7.2,216.67,97.38525403,
65,5,6,20,4,23,32,27.1,51.65,7.2,216.67,93.41541419,
57,5,6,21,5,29.7,33.1,31.4,39.71,7.2,215,87.87674823,
63,5,6,22,6,22.7,32.1,28.7,36.62,25.9,275,80.98095129,
62,5,6,23,7,21.4,31.7,26.8,36.6,7.2,200,72.95683535,
66,5,6,24,1,23.2,31.9,28.3,29.33,7.2,306.67,64.05297244,
51,5,6,25,2,21.7,31.4,27,40.4,7.2,243.33,54.54205081,
48,5,6,26,3,21.4,30.9,26.4,55.3,3.6,183.33,44.72613583,
56,5,6,27,4,21.9,29.2,25.9,57.99,7.2,120,34.94230052,
61,5,6,28,5,21.6,30.6,26.1,39.6,14.8,100,25.56739845,
55,5,6,29,6,21.7,28.6,25.6,43.41,7.2,160,17.01913425,
66,5,6,30,7,18.7,27.1,23.4,60.82,3.6,33.33,9.74874036,
47,5,7,1,1,20.8,28.6,25.4,46.08,3.6,213.33,4.219768676,
57,5,7,2,2,21.1,29.4,24.9,52.76,7.2,183.33,0.86918477,
62,5,7,3,3,20.5,28.4,25,49.34,3.6,140,0.051893466,
53,5,7,4,4,23.1,29.9,26.4,48.34,7.2,146.67,1.977221642,
61,5,7,5,5,19.6,27.9,23.6,60.54,3.6,266.67,6.652890007,
37,5,7,6,6,22.6,31.6,27.2,53.47,3.6,93.33,13.85460049,
48,5,7,7,7,22.7,29.6,26.4,52.51,3.6,103.33,23.13465543,
59,5,7,8,1,22.1,31.1,26.7,52.33,7.2,247,33.87168281,
67,5,7,9,2,26.6,29.9,28.2,49.24,7.2,235,45.35025062,
63,5,7,10,3,21.4,30.2,25.9,54.83,3.6,136.67,56.85010276,
65,5,7,11,4,19.9,28.9,24.8,64.52,7.2,163.33,67.7238188,
68,5,7,12,5,18.7,27.7,23.3,69.75,3.6,130,77.44830799,
64,5,7,13,6,20.7,27.7,24.4,59.76,7.2,173.33,85.64563536,
85,5,7,14,7,19.2,27.1,23.5,65.99,3.7,148.67,92.07761017,
71,5,7,15,1,24.6,27.2,25.9,56.07,3.6,205,96.62356344,
73,5,7,16,2,19.2,28.9,24.3,65.13,3.6,76.67,99.25149877,
57,5,7,17,3,20.2,28.7,24.4,63.83,3.6,170,99.99065084,
49,5,7,18,4,21.4,29.2,25.2,61.11,3.6,146.67,98.91017847,
56,5,7,19,5,20.8,27.9,24.9,63.04,3.6,36.67,96.10561478,
55,5,7,20,6,18.6,25.7,22.5,69.25,7.2,106.67,91.69252284,
74,5,7,21,7,18.2,25.6,22.2,71.19,7.2,200,85.80576224,
52,5,7,22,1,18.7,27.4,23.4,66.85,3.6,40,78.60271755,
61,5,7,23,2,20.4,24.6,23.1,64.51,7.2,83.33,70.26940936,
62,5,7,24,3,20.4,24.2,22.4,74.17,3.6,220,61.02908892,
65,5,7,25,4,19.6,26.4,23.1,68.23,7.2,90,51.15312136,
72,5,7,26,5,19.9,27.7,24.1,62.78,7.2,50,40.97319097,
72,5,7,27,6,18.4,25.7,22.3,71.45,3.6,100,30.8919452,
55,5,7,28,7,21.4,27.6,24.5,63.79,3.6,50,21.38657185,
80,5,7,29,1,18.6,27.7,23.7,60.07,7.2,236.67,12.99769748,
62,5,7,30,2,17.9,27.7,23.2,67.28,3.6,70,6.296256962,
68,5,7,31,3,20.4,28.7,24.7,61.88,3.6,150,1.825337671,
63,5,8,1,4,20.1,28.6,24.3,55.93,3.6,40,0.022675133,
71,5,8,2,5,21.7,29.1,25.9,56.34,7.2,143.33,1.139907042,
53,5,8,3,6,20.4,28.4,25.2,64.75,3.6,206.67,5.18167366,
58,5,8,4,7,20.8,29.6,25.1,60.02,3.6,230,11.88593589,
73,5,8,5,1,21.2,27.6,24.4,63.45,3.6,160,20.75513175,
67,5,8,6,2,19.6,25.4,23,72.99,7.2,310,31.13068705,
72,5,8,7,3,19.1,27.2,23.3,69.08,3.6,240,42.28930466,
56,5,8,8,4,17.7,25.4,21.7,75.65,7.2,50,53.53499046,
59,5,8,9,5,19.2,28.9,24.4,62.29,7.2,136.67,64.26669321,
52,5,8,10,6,18.9,26.9,23.7,66.55,3.6,206.67,74.01309077,
57,5,8,11,7,20.8,27.4,24.4,65.5,3.6,113.33,82.43725372,
70,5,8,12,1,18.2,24.1,21.1,79.58,3.6,330,89.32062924,
59,5,8,13,2,20.5,28.2,24.4,64.92,3.6,106.67,94.53731779,
61,5,8,14,3,20.4,28.6,24.9,65.72,7.2,236.67,98.02754487,
61,5,8,15,4,20.1,28.4,24.6,62.17,3.6,160,99.77573431,
66,5,8,16,5,19.6,29.2,24.8,58.39,3.6,160,99.79531789,
54,5,8,17,6,19.9,29.6,24.1,66.12,3.6,210,98.12019043,
58,5,8,18,7,22.1,26.1,24.1,70.59,3.6,75,94.80170154,
65,5,8,19,1,22.7,28.7,26,61.65,7.2,66.67,89.91005254,
70,5,8,20,2,21.4,29.4,25.8,42.04,7.2,70,83.5395408,
75,5,8,21,3,21.7,28.2,25.4,51.3,7.2,70,75.81777491,
68,5,8,22,4,21.6,27.2,25.2,54.47,11.2,177.5,66.91924082,
68,5,8,23,5,20.1,27.7,24.4,61.34,10.8,310,57.08293314,
53,5,8,24,6,17.9,24.9,20.9,79.87,3.6,163.33,46.63186798,
68,5,8,25,7,20.2,27.6,24.2,68.53,3.6,256.67,35.98930305,
64,5,8,26,1,20.8,25.2,23.6,69.63,3.6,116.67,25.6832928,
59,5,8,27,2,19.6,24.6,22.1,79.02,3.6,30,16.32958696,
67,5,8,28,3,18.9,27.9,24.6,59.55,7.2,150,8.585120603,
67,5,8,29,4,19.1,28.9,25.1,54.13,13,75,3.071950145,
65,5,8,30,5,22.1,25.7,23.9,56.48,3.6,80,0.283349637,
54,5,8,31,6,20.1,28.2,24.4,61.67,3.6,126.67,0.495142387,
58,5,9,1,7,19.9,28.4,24.5,54.54,7.3,176,3.709418326,
79,5,9,2,1,21.6,29.1,25.6,53.07,4,85,9.650140107,
72,5,9,3,2,19.9,27.7,24.1,56.81,7.2,260,17.81284545,
63,5,9,4,3,21.9,29.1,25.8,61.67,7.2,163.33,27.55207639,
66,5,9,5,4,19.1,27.7,24.4,62.5,5.4,140,38.17959995,
68,5,9,6,5,25.4,27.2,26.3,58.04,3.6,70,49.04795749,
43,5,9,7,6,19.4,25.9,23.4,66.31,3.6,253.33,59.60434713,
62,5,9,8,7,19.2,25.4,22.8,66.66,3.6,53.33,69.41253065,
58,5,9,9,1,19.4,27.6,24,62.34,3.6,213.33,78.1496682,
64,5,9,10,2,20.2,28.1,24.5,60.07,7.2,140,85.58862347,
53,5,9,11,3,20.7,27.4,24.5,61.01,11.2,42.5,91.5753749,
72,5,9,12,4,21.1,26.9,24.9,56.81,7.6,102.5,96.00801115,
56,5,9,13,5,19.7,23.7,21.7,64.4,3.7,106,98.82041394,
56,5,9,14,6,19.1,26.6,23.5,63.85,7.2,81,99.97128871,
51,5,9,15,7,19.9,27.4,24.1,54.7,7.2,110,99.43802324,
56,5,9,16,1,20.5,28.7,24.6,62.77,3.6,200,97.21475379,
70,5,9,17,2,21.1,29.4,26,57.17,7.6,122.5,93.31456932,
60,5,9,18,3,21.6,27.1,24.4,67.2,3.6,63.33,87.77648079,
41,5,9,19,4,21.6,26.1,24.1,63.09,3.6,156.67,80.67811419,
67,5,9,20,5,20.5,27.9,24.4,66.52,7.2,120,72.15458872,
58,5,9,21,6,19.9,27.6,24.4,61.45,3.6,96.67,62.42237593,
62,5,9,22,7,20.7,28.6,24.9,58.31,3.6,73.33,51.80406091,
47,5,9,23,1,21.2,29.7,25.7,63.82,3.6,226.67,40.74637938,
53,5,9,24,2,21.2,29.9,25.6,57.73,7.2,166.67,29.82107299,
56,5,9,25,3,20.2,25.9,23.8,65.11,3.6,210,19.69814455,
69,5,9,26,4,20.8,27.4,24.4,65.5,7.2,316.67,11.08609412,
54,5,9,27,5,20.7,29.2,25.3,64.34,3.6,103.33,4.644012837,
50,5,9,28,6,19.9,28.1,24.3,65.21,3.6,133.33,0.88299603,
61,5,9,29,7,20.5,23.9,21.7,78.39,7.2,90,0.083081782,
63,5,9,30,1,19.4,24.2,21.9,72.8,7.2,123.33,2.250769305,
62,5,10,1,2,21.4,28.2,24.9,58.59,7.2,153.33,7.129743695,
58,5,10,2,3,25.1,27.1,26.1,49.57,3.6,180,14.25913994,
69,5,10,3,4,18.9,27.9,23.8,62.48,3.6,93.33,23.05868288,
56,5,10,4,5,19.9,29.2,25.1,56.22,3.6,110,32.91514324,
49,5,10,5,6,18.9,27.2,23.4,65.02,7.2,115,43.25014969,
54,5,10,6,7,20.5,28.7,25.1,59.24,3.6,180,53.56049258,
63,5,10,7,1,22.9,28.7,26.2,50.43,7.2,90,63.43249004,
64,5,10,8,2,18.4,27.7,23.5,48.87,7.2,76.67,72.53804501,
53,5,10,9,3,19.9,27.9,24.5,49.88,7.2,106.67,80.62127753,
63,5,10,10,4,17.1,29.9,23.9,62.59,3.6,103.33,87.48272264,
50,5,10,11,5,20.7,29.9,25.9,55.71,3.6,215,92.96512953,
47,5,10,12,6,21.1,27.2,24.4,54.74,14.8,132.5,96.94239782,
50,5,10,13,7,20.2,27.7,24.9,57.02,10.8,263.33,99.31181833,
56,5,10,14,1,19.2,29.9,25.3,60.95,3.6,253.33,99.98954694,
58,5,10,15,2,22.4,30.7,26.5,55.16,3.6,60,98.9097363,
42,5,10,16,3,19.4,29.7,24.5,43.42,3.6,60,96.02844035,
75,5,10,17,4,18.4,27.4,22.9,67.19,3.6,125,91.33375953,
62,5,10,18,5,20.2,24.4,22.3,73.4,3.6,295,84.86326923,
49,5,10,19,6,18.7,24.6,21.4,69.6,3.6,135,76.72827195,
49,5,10,20,7,20.7,23.2,22.1,74.12,3.6,220,67.14178469,
55,5,10,21,1,18.7,23.4,21,74.84,7.2,123.33,56.44380449,
53,5,10,22,2,19.1,24.9,21.9,70.1,10.8,70,45.1143393,
59,5,10,23,3,17.4,26.4,21.8,67.42,3.6,210,33.76367524,
52,5,10,24,4,18.9,26.4,23.3,61.35,3.6,233.33,23.09225391,
69,5,10,25,5,18.6,27.2,22.6,68.82,3.6,303.33,13.82018473,
57,5,10,26,6,17.6,24.6,21.2,66.36,3.6,193.33,6.597222998,
62,5,10,27,7,23.9,26.2,25,41.72,3.6,255,1.913646148,
49,5,10,28,1,16.1,26.4,22,63.29,3.6,230,0.035521537,
56,5,10,29,2,17.7,26.2,23.2,65.78,3.6,206.67,0.981501226,
58,5,10,30,3,18.4,25.4,22.6,66.83,3.6,196.67,4.544681045,
60,5,10,31,4,18.9,29.1,24.7,59.46,3.6,103.33,10.34865408,
52,5,11,1,5,15.2,26.2,22.1,58.04,5.4,223.33,17.91832863,
53,5,11,2,6,18.1,27.2,22.1,69.81,11.2,273.33,26.74617901,
63,5,11,3,7,16.2,25.2,20.7,68.19,7.6,146.67,36.3413395,
70,5,11,4,1,18.9,26.1,23,60.3,3.6,173.33,46.25775956,
41,5,11,5,2,17.4,27.7,23.4,64,3.6,133.33,56.10448646,
62,5,11,6,3,18.6,25.2,22.7,56.24,3.6,110,65.54428961,
51,5,11,7,4,27.7,27.7,27.7,45.01,3.6,340,74.2867085,
75,5,11,8,5,20.1,28.2,24,49.33,7.2,93.33,82.07970578,
62,5,11,9,6,18.2,26.9,22.6,52.33,7.2,83.33,88.70198106,
46,5,11,10,7,13.1,27.9,22,52.9,3.6,70,93.95664195,
65,5,11,11,1,17.9,27.2,24.4,44.7,5.4,250,97.66663031,
57,5,11,12,2,18.4,25.9,22.7,57.25,7.2,176.67,99.67280353,
60,5,11,13,3,15.2,19.2,17.2,84.74,7.2,13.33,99.83631255,
81,5,11,14,4,15.7,21.7,19.3,71.75,3.6,116.67,98.04729063,
59,5,11,15,5,15.7,23.6,20.3,52.55,7.2,76.67,94.2413862,
49,5,11,16,6,21.1,24.6,22.9,51.94,11.2,60,88.42408069,
59,5,11,17,7,16.4,22.2,19.8,72.13,7.2,75,80.70008282,
65,5,11,18,1,16.9,23.9,21,69.66,3.6,300,71.30186281,
65,5,11,19,2,14.9,25.4,20.8,69.45,3.6,230,60.60858017,
54,5,11,20,3,18.6,24.6,22,66.68,7.2,330,49.1456978,
66,5,11,21,4,15.4,25.4,21.1,68.74,10.8,323.33,37.55786621,
61,5,11,22,5,16.2,27.1,23.5,53.08,14.8,210,26.55372471,
54,5,11,23,6,15.6,27.2,21.4,66.04,3.6,110,16.82986825,
53,5,11,24,7,27.1,27.1,27.1,30.12,0,150,8.989241898,
54,5,11,25,1,15.1,24.6,19.9,55.33,7.2,320,3.472820145,
54,5,11,26,2,16.9,24.4,20.6,66.08,3.6,270,0.52026737,
65,5,11,27,3,16.1,26.9,22.3,58.41,7.2,140,0.166269934,
49,5,11,28,4,14.2,25.9,20.9,61.54,7.2,335,2.26833168,
62,5,11,29,5,15.1,26.6,21.8,56.8,3.6,113.33,6.553759979,
48,5,11,30,6,14.2,27.1,23.4,48.07,10.8,313.33,12.67115194,
54,5,12,1,7,13.4,28.2,21.9,55.02,3.6,210,20.23463222,
68,5,12,2,1,15.1,26.4,21.7,39.53,3.6,123.33,28.85485081,
52,5,12,3,2,15.1,26.4,21.5,59.09,3.6,305,38.15636046,
62,5,12,4,3,14.1,26.1,21.4,50.42,7.6,266.67,47.78453734,
50,5,12,5,4,13.6,25.9,20.8,55.66,3.7,133,57.4062436,
59,5,12,6,5,13.6,28.1,23.7,37.95,7.6,144,66.70763693,
44,5,12,7,6,12.1,24.1,19.2,43.63,3.6,140,75.39105942,
70,5,12,8,7,10.6,25.7,19.2,54.57,3.6,300,83.17181637,
58,5,12,9,1,11.1,24.9,19.7,56.56,7.2,230,89.77543465,
58,5,12,10,2,10.1,24.1,18.2,54.12,14.8,320,94.93662275,
66,5,12,11,3,10.2,19.9,15,57.92,3.6,105,98.40211801,
59,5,12,12,4,7.1,22.2,14.6,67.17,3.6,70,99.94016291,
58,5,12,13,5,11.9,22.9,17.4,64.38,3.6,185,99.35884135,
51,5,12,14,6,7.9,26.3,19.8,40.3,14.8,122.25,96.53359131,
58,5,12,15,7,10.2,25.4,19.1,51.68,7.2,300,91.4410548,
52,5,12,16,1,9.9,21.2,15.5,61.17,3.6,185,84.19278964,
66,5,12,17,2,10.4,20.4,15.4,66.86,3.6,330,75.05954044,
59,5,12,18,3,11.6,18.1,14.8,52.28,7.2,95,64.47624846,
55,5,12,19,4,9.2,22.4,17.9,51.05,3.6,100,53.02084648,
58,5,12,20,5,13.6,16.7,15.4,82.24,3.6,160,41.36604874,
51,5,12,21,6,12.6,14.7,13.6,89.4,7.2,206.67,30.21113149,
60,5,12,22,7,9.4,18.4,13.8,69.55,7.2,95,20.20722133,
55,5,12,23,1,10.4,23.9,17.9,57.9,3.6,170,11.89202526,
37,5,12,24,2,11.1,24.1,18.8,60.03,7.2,160,5.647011023,
31,5,12,25,3,20.8,25.1,23.4,39.2,22.3,213.33,1.682959647,
51,5,12,26,4,9.2,24.4,18.3,53.27,10.8,196.67,0.051583863,
48,5,12,27,5,9.9,24.9,18.8,55.17,7.2,180,0.674750666,
42,5,12,28,6,13.2,20.2,17.6,67.28,10.8,316.67,3.380583024,
48,5,12,29,7,12.6,20.8,16.9,64.81,3.6,290,7.937205169,
47,5,12,30,1,8.9,24.1,19,55.66,11.2,230,14.07859339,
42,5,12,31,2,10.4,22.9,18,58.36,7.2,250,21.5210024,
